vartotojo_id,sesijos_id,data,wpm,tikslumas,klaidos,trukme_sekundemis,sudetingumas
1,1,2025-01-02,54.6,86.17,3,60,lengvas
1,2,2025-01-03,54.53,87.97,3,60,lengvas
1,3,2025-01-04,53.46,88.01,3,60,vidutinis
1,4,2025-01-05,63.41,85.52,2,60,vidutinis
1,5,2025-01-06,52.08,85.58,4,60,vidutinis
1,6,2025-01-07,55.25,88.33,3,60,vidutinis
1,7,2025-01-08,47.13,89.58,4,60,sunkus
1,8,2025-01-09,50.23,86.27,4,60,vidutinis
1,9,2025-01-10,53.44,83.91,4,60,vidutinis
1,10,2025-01-11,54.54,87.9,2,60,sunkus
1,11,2025-01-12,51.42,88.88,3,60,vidutinis
1,12,2025-01-13,56.85,89.5,2,60,lengvas
1,13,2025-01-14,56.67,89.41,3,60,sunkus
1,14,2025-01-15,58.88,87.44,4,60,lengvas
1,15,2025-01-16,60.63,85.58,4,60,sunkus
1,16,2025-01-17,67.69,84.96,4,60,lengvas
1,17,2025-01-18,65.7,86.86,2,60,vidutinis
1,18,2025-01-19,49.26,90.74,3,60,lengvas
1,19,2025-01-20,61.56,84.8,4,60,lengvas
1,20,2025-01-21,68.25,87.41,4,60,vidutinis
1,21,2025-01-22,63.77,87.69,4,60,lengvas
1,22,2025-01-23,56.27,85.86,3,60,lengvas
1,23,2025-01-24,57.94,85.52,2,60,sunkus
1,24,2025-01-25,65.2,84.59,4,60,lengvas
1,25,2025-01-26,62.4,85.18,2,60,vidutinis
1,26,2025-01-27,65.43,82.63,3,60,vidutinis
1,27,2025-01-28,67.38,83.68,5,60,lengvas
1,28,2025-01-29,69.02,84.94,5,60,vidutinis
1,29,2025-01-30,67.51,83.05,5,60,sunkus
1,30,2025-01-31,69.12,84.18,3,60,sunkus
2,1,2025-01-02,63.92,86.36,2,60,lengvas
2,2,2025-01-03,60.4,84.86,3,60,vidutinis
2,3,2025-01-04,57.84,86.94,4,60,sunkus
2,4,2025-01-05,66.04,83.2,5,60,sunkus
2,5,2025-01-06,67.49,88.08,3,60,sunkus
2,6,2025-01-07,82.43,82.43,4,60,sunkus
2,7,2025-01-08,70.76,85.39,4,60,lengvas
2,8,2025-01-09,68.25,82.16,4,60,lengvas
2,9,2025-01-10,65.77,86.22,4,60,vidutinis
2,10,2025-01-11,63.62,84.18,5,60,sunkus
2,11,2025-01-12,64.64,83.08,3,60,lengvas
2,12,2025-01-13,71.08,83.65,4,60,sunkus
2,13,2025-01-14,68.01,88.65,2,60,vidutinis
2,14,2025-01-15,72.77,83.36,4,60,sunkus
2,15,2025-01-16,66.8,83.52,4,60,lengvas
2,16,2025-01-17,71.57,81.88,5,60,sunkus
2,17,2025-01-18,68.6,85.69,3,60,sunkus
2,18,2025-01-19,70.51,82.71,4,60,sunkus
2,19,2025-01-20,75.39,79.76,5,60,vidutinis
2,20,2025-01-21,74.64,80.42,5,60,lengvas
2,21,2025-01-22,67.18,87.78,3,60,vidutinis
2,22,2025-01-23,67.17,86.44,3,60,lengvas
2,23,2025-01-24,71.12,85.03,2,60,vidutinis
2,24,2025-01-25,78.52,81.06,5,60,sunkus
2,25,2025-01-26,73.67,82.41,4,60,lengvas
2,26,2025-01-27,65.98,83.58,4,60,sunkus
2,27,2025-01-28,67.49,85.74,2,60,vidutinis
2,28,2025-01-29,74.22,80.15,5,60,vidutinis
2,29,2025-01-30,69.39,84.31,5,60,lengvas
2,30,2025-01-31,72.54,83.64,3,60,lengvas
3,1,2025-01-02,31.41,89.73,4,60,lengvas
3,2,2025-01-03,41.6,89.25,2,60,sunkus
3,3,2025-01-04,40.9,88.32,4,60,lengvas
3,4,2025-01-05,38.31,88.92,3,60,lengvas
3,5,2025-01-06,23.77,90.93,2,60,sunkus
3,6,2025-01-07,34.7,86.99,2,60,lengvas
3,7,2025-01-08,48.74,88.72,4,60,sunkus
3,8,2025-01-09,44.69,88.52,3,60,sunkus
3,9,2025-01-10,45.68,86.94,2,60,vidutinis
3,10,2025-01-11,55.84,84.72,5,60,lengvas
3,11,2025-01-12,44.14,89.48,4,60,vidutinis
3,12,2025-01-13,38.55,90.59,3,60,lengvas
3,13,2025-01-14,48.61,88.04,3,60,vidutinis
3,14,2025-01-15,53.32,91.17,2,60,sunkus
3,15,2025-01-16,44.27,88.77,4,60,vidutinis
3,16,2025-01-17,43.8,88.81,2,60,lengvas
3,17,2025-01-18,42.5,91.18,3,60,sunkus
3,18,2025-01-19,43.91,88.02,3,60,lengvas
3,19,2025-01-20,50.95,87.0,2,60,sunkus
3,20,2025-01-21,46.4,85.95,4,60,sunkus
3,21,2025-01-22,53.15,84.47,4,60,lengvas
3,22,2025-01-23,49.44,87.38,2,60,sunkus
3,23,2025-01-24,56.31,87.73,2,60,sunkus
3,24,2025-01-25,50.08,90.3,1,60,sunkus
3,25,2025-01-26,43.7,90.0,2,60,vidutinis
3,26,2025-01-27,51.42,85.29,4,60,vidutinis
3,27,2025-01-28,58.91,87.82,4,60,sunkus
3,28,2025-01-29,54.31,88.98,2,60,lengvas
3,29,2025-01-30,55.44,87.33,2,60,sunkus
3,30,2025-01-31,49.95,91.31,2,60,vidutinis
4,1,2025-01-02,64.61,86.16,4,60,lengvas
4,2,2025-01-03,57.0,85.54,4,60,vidutinis
4,3,2025-01-04,50.01,91.09,2,60,vidutinis
4,4,2025-01-05,64.98,86.9,3,60,vidutinis
4,5,2025-01-06,61.0,86.88,4,60,lengvas
4,6,2025-01-07,61.33,84.55,4,60,lengvas
4,7,2025-01-08,64.67,87.28,4,60,lengvas
4,8,2025-01-09,56.44,85.85,4,60,sunkus
4,9,2025-01-10,60.43,86.09,3,60,vidutinis
4,10,2025-01-11,64.75,82.54,3,60,vidutinis
4,11,2025-01-12,56.95,88.52,3,60,lengvas
4,12,2025-01-13,62.73,86.64,3,60,vidutinis
4,13,2025-01-14,61.48,83.23,3,60,lengvas
4,14,2025-01-15,66.03,91.6,1,60,vidutinis
4,15,2025-01-16,67.47,81.2,3,60,vidutinis
4,16,2025-01-17,57.47,85.31,3,60,vidutinis
4,17,2025-01-18,69.26,85.71,2,60,sunkus
4,18,2025-01-19,64.68,87.37,3,60,sunkus
4,19,2025-01-20,71.83,83.1,5,60,sunkus
4,20,2025-01-21,69.77,79.95,4,60,vidutinis
4,21,2025-01-22,62.21,86.38,2,60,sunkus
4,22,2025-01-23,71.89,80.18,4,60,sunkus
4,23,2025-01-24,64.03,87.57,3,60,sunkus
4,24,2025-01-25,67.19,80.68,4,60,vidutinis
4,25,2025-01-26,72.32,81.68,4,60,lengvas
4,26,2025-01-27,72.16,81.55,4,60,sunkus
4,27,2025-01-28,64.26,84.42,3,60,lengvas
4,28,2025-01-29,69.74,83.11,4,60,vidutinis
4,29,2025-01-30,74.15,81.58,5,60,lengvas
4,30,2025-01-31,68.62,85.02,2,60,sunkus
5,1,2025-01-02,42.13,86.79,4,60,sunkus
5,2,2025-01-03,45.27,90.84,2,60,lengvas
5,3,2025-01-04,39.69,87.92,2,60,vidutinis
5,4,2025-01-05,39.46,91.96,1,60,lengvas
5,5,2025-01-06,41.2,89.2,3,60,lengvas
5,6,2025-01-07,46.27,91.35,1,60,sunkus
5,7,2025-01-08,47.83,89.12,4,60,vidutinis
5,8,2025-01-09,47.37,89.13,4,60,vidutinis
5,9,2025-01-10,40.31,91.79,2,60,sunkus
5,10,2025-01-11,39.22,90.32,1,60,lengvas
5,11,2025-01-12,43.94,85.72,3,60,sunkus
5,12,2025-01-13,34.98,91.32,3,60,lengvas
5,13,2025-01-14,43.93,90.19,3,60,vidutinis
5,14,2025-01-15,42.94,89.58,4,60,sunkus
5,15,2025-01-16,29.78,91.84,3,60,sunkus
5,16,2025-01-17,49.66,87.23,3,60,lengvas
5,17,2025-01-18,36.34,91.14,3,60,sunkus
5,18,2025-01-19,52.85,88.33,4,60,sunkus
5,19,2025-01-20,40.55,89.49,4,60,vidutinis
5,20,2025-01-21,42.63,90.03,1,60,sunkus
5,21,2025-01-22,43.12,87.46,3,60,sunkus
5,22,2025-01-23,37.57,92.9,2,60,vidutinis
5,23,2025-01-24,41.74,88.64,2,60,lengvas
5,24,2025-01-25,52.87,86.76,4,60,sunkus
5,25,2025-01-26,41.75,89.68,4,60,lengvas
5,26,2025-01-27,45.58,90.21,2,60,lengvas
5,27,2025-01-28,54.03,85.26,4,60,lengvas
5,28,2025-01-29,43.96,88.72,2,60,vidutinis
5,29,2025-01-30,37.1,90.8,3,60,lengvas
5,30,2025-01-31,40.22,90.57,3,60,vidutinis
6,1,2025-01-02,39.55,90.99,1,60,sunkus
6,2,2025-01-03,29.4,91.66,2,60,vidutinis
6,3,2025-01-04,39.72,91.92,2,60,lengvas
6,4,2025-01-05,28.59,89.73,2,60,lengvas
6,5,2025-01-06,39.33,90.37,1,60,sunkus
6,6,2025-01-07,33.62,93.25,1,60,vidutinis
6,7,2025-01-08,42.51,90.26,1,60,sunkus
6,8,2025-01-09,43.38,89.89,2,60,sunkus
6,9,2025-01-10,50.6,89.69,3,60,sunkus
6,10,2025-01-11,44.76,91.53,3,60,lengvas
6,11,2025-01-12,37.55,91.53,1,60,sunkus
6,12,2025-01-13,36.25,92.41,3,60,vidutinis
6,13,2025-01-14,41.17,90.13,1,60,sunkus
6,14,2025-01-15,41.78,89.82,4,60,sunkus
6,15,2025-01-16,39.83,92.73,3,60,sunkus
6,16,2025-01-17,47.11,87.95,2,60,lengvas
6,17,2025-01-18,37.64,88.44,4,60,vidutinis
6,18,2025-01-19,48.2,87.02,3,60,sunkus
6,19,2025-01-20,42.96,91.84,1,60,lengvas
6,20,2025-01-21,43.92,90.08,3,60,lengvas
6,21,2025-01-22,27.93,93.66,1,60,lengvas
6,22,2025-01-23,46.48,90.27,2,60,vidutinis
6,23,2025-01-24,33.59,93.25,2,60,lengvas
6,24,2025-01-25,43.09,90.72,1,60,lengvas
6,25,2025-01-26,46.35,88.83,4,60,sunkus
6,26,2025-01-27,35.69,91.89,1,60,lengvas
6,27,2025-01-28,46.04,89.08,2,60,vidutinis
6,28,2025-01-29,47.25,90.52,2,60,vidutinis
6,29,2025-01-30,34.41,89.8,2,60,vidutinis
6,30,2025-01-31,41.48,90.32,2,60,sunkus
7,1,2025-01-02,55.82,87.95,4,60,sunkus
7,2,2025-01-03,45.54,86.44,3,60,vidutinis
7,3,2025-01-04,69.22,82.24,3,60,lengvas
7,4,2025-01-05,56.75,85.4,4,60,sunkus
7,5,2025-01-06,59.2,87.8,4,60,lengvas
7,6,2025-01-07,57.38,89.41,3,60,vidutinis
7,7,2025-01-08,61.76,85.02,3,60,vidutinis
7,8,2025-01-09,55.48,87.78,3,60,sunkus
7,9,2025-01-10,52.94,83.79,4,60,sunkus
7,10,2025-01-11,60.05,88.22,4,60,vidutinis
7,11,2025-01-12,58.85,81.61,4,60,sunkus
7,12,2025-01-13,72.49,85.69,3,60,vidutinis
7,13,2025-01-14,62.65,83.25,4,60,vidutinis
7,14,2025-01-15,63.24,83.87,5,60,vidutinis
7,15,2025-01-16,67.36,85.88,3,60,sunkus
7,16,2025-01-17,60.32,86.68,4,60,sunkus
7,17,2025-01-18,52.75,84.57,5,60,sunkus
7,18,2025-01-19,59.57,85.2,2,60,lengvas
7,19,2025-01-20,65.51,87.45,2,60,vidutinis
7,20,2025-01-21,69.6,85.81,4,60,lengvas
7,21,2025-01-22,67.97,82.32,5,60,lengvas
7,22,2025-01-23,64.93,81.83,4,60,sunkus
7,23,2025-01-24,62.72,82.83,3,60,vidutinis
7,24,2025-01-25,65.71,83.74,5,60,sunkus
7,25,2025-01-26,68.74,83.04,5,60,lengvas
7,26,2025-01-27,64.98,84.86,4,60,lengvas
7,27,2025-01-28,58.17,88.21,2,60,sunkus
7,28,2025-01-29,67.78,86.99,3,60,lengvas
7,29,2025-01-30,58.91,88.81,3,60,sunkus
7,30,2025-01-31,71.33,83.11,5,60,sunkus
8,1,2025-01-02,48.99,85.13,2,60,lengvas
8,2,2025-01-03,51.09,87.39,4,60,vidutinis
8,3,2025-01-04,35.89,91.19,3,60,vidutinis
8,4,2025-01-05,53.13,90.4,3,60,sunkus
8,5,2025-01-06,55.9,86.11,4,60,lengvas
8,6,2025-01-07,46.65,91.43,2,60,sunkus
8,7,2025-01-08,53.5,90.13,2,60,vidutinis
8,8,2025-01-09,54.32,87.91,4,60,lengvas
8,9,2025-01-10,49.13,89.81,2,60,sunkus
8,10,2025-01-11,50.85,89.38,4,60,lengvas
8,11,2025-01-12,53.96,85.47,2,60,lengvas
8,12,2025-01-13,50.64,89.27,2,60,vidutinis
8,13,2025-01-14,58.08,88.95,3,60,sunkus
8,14,2025-01-15,58.63,83.7,3,60,sunkus
8,15,2025-01-16,48.94,85.67,2,60,sunkus
8,16,2025-01-17,50.72,84.87,4,60,lengvas
8,17,2025-01-18,57.93,86.92,2,60,vidutinis
8,18,2025-01-19,56.98,88.91,4,60,lengvas
8,19,2025-01-20,56.38,87.21,4,60,vidutinis
8,20,2025-01-21,62.93,85.38,4,60,sunkus
8,21,2025-01-22,57.45,89.76,4,60,vidutinis
8,22,2025-01-23,43.26,89.32,3,60,vidutinis
8,23,2025-01-24,48.92,91.17,3,60,vidutinis
8,24,2025-01-25,55.68,87.05,2,60,lengvas
8,25,2025-01-26,56.35,87.82,3,60,sunkus
8,26,2025-01-27,61.56,83.28,4,60,vidutinis
8,27,2025-01-28,42.87,87.06,4,60,vidutinis
8,28,2025-01-29,50.45,87.09,4,60,vidutinis
8,29,2025-01-30,62.97,83.99,5,60,lengvas
8,30,2025-01-31,53.75,90.54,1,60,sunkus
9,1,2025-01-02,51.76,86.09,3,60,lengvas
9,2,2025-01-03,52.64,89.06,2,60,sunkus
9,3,2025-01-04,55.64,88.63,4,60,vidutinis
9,4,2025-01-05,54.26,87.12,4,60,sunkus
9,5,2025-01-06,54.85,84.55,5,60,vidutinis
9,6,2025-01-07,52.67,87.41,4,60,vidutinis
9,7,2025-01-08,49.87,86.85,2,60,sunkus
9,8,2025-01-09,52.55,86.21,3,60,lengvas
9,9,2025-01-10,53.54,87.23,4,60,lengvas
9,10,2025-01-11,49.01,88.85,2,60,vidutinis
9,11,2025-01-12,56.49,83.46,3,60,sunkus
9,12,2025-01-13,60.31,86.22,2,60,lengvas
9,13,2025-01-14,53.79,86.18,4,60,lengvas
9,14,2025-01-15,49.8,86.96,2,60,sunkus
9,15,2025-01-16,56.02,84.05,3,60,lengvas
9,16,2025-01-17,50.79,83.93,3,60,lengvas
9,17,2025-01-18,52.95,86.18,2,60,vidutinis
9,18,2025-01-19,51.18,90.64,3,60,vidutinis
9,19,2025-01-20,45.53,89.94,3,60,lengvas
9,20,2025-01-21,53.33,87.04,2,60,sunkus
9,21,2025-01-22,44.83,89.55,3,60,sunkus
9,22,2025-01-23,52.29,85.77,4,60,lengvas
9,23,2025-01-24,64.11,85.63,4,60,sunkus
9,24,2025-01-25,49.91,87.43,3,60,sunkus
9,25,2025-01-26,48.66,87.41,2,60,vidutinis
9,26,2025-01-27,62.13,87.95,3,60,vidutinis
9,27,2025-01-28,48.22,91.05,2,60,sunkus
9,28,2025-01-29,52.65,85.83,3,60,sunkus
9,29,2025-01-30,58.8,86.6,3,60,lengvas
9,30,2025-01-31,62.66,84.05,5,60,vidutinis
10,1,2025-01-02,26.68,96.62,0,60,sunkus
10,2,2025-01-03,14.31,93.34,3,60,vidutinis
10,3,2025-01-04,20.24,95.0,2,60,sunkus
10,4,2025-01-05,18.54,96.89,0,60,sunkus
10,5,2025-01-06,24.54,94.33,2,60,sunkus
10,6,2025-01-07,24.56,90.77,3,60,vidutinis
10,7,2025-01-08,20.28,97.49,2,60,sunkus
10,8,2025-01-09,31.82,89.29,2,60,lengvas
10,9,2025-01-10,28.65,94.08,2,60,vidutinis
10,10,2025-01-11,29.45,92.87,3,60,vidutinis
10,11,2025-01-12,29.13,96.84,0,60,sunkus
10,12,2025-01-13,31.56,91.4,2,60,vidutinis
10,13,2025-01-14,33.42,93.38,2,60,vidutinis
10,14,2025-01-15,27.98,91.38,3,60,sunkus
10,15,2025-01-16,29.26,90.85,2,60,lengvas
10,16,2025-01-17,36.28,92.53,1,60,vidutinis
10,17,2025-01-18,21.28,91.02,2,60,lengvas
10,18,2025-01-19,20.44,90.69,2,60,lengvas
10,19,2025-01-20,30.34,92.04,1,60,vidutinis
10,20,2025-01-21,34.88,91.42,1,60,sunkus
10,21,2025-01-22,32.22,91.46,2,60,sunkus
10,22,2025-01-23,28.03,89.01,2,60,lengvas
10,23,2025-01-24,33.44,92.29,2,60,sunkus
10,24,2025-01-25,25.65,90.11,3,60,vidutinis
10,25,2025-01-26,29.52,89.93,4,60,vidutinis
10,26,2025-01-27,26.87,88.86,3,60,vidutinis
10,27,2025-01-28,22.14,96.54,2,60,lengvas
10,28,2025-01-29,25.81,92.01,1,60,lengvas
10,29,2025-01-30,22.99,93.82,3,60,lengvas
10,30,2025-01-31,34.01,91.56,2,60,sunkus
11,1,2025-01-02,19.43,96.89,0,60,vidutinis
11,2,2025-01-03,21.58,94.54,3,60,sunkus
11,3,2025-01-04,18.81,91.75,1,60,vidutinis
11,4,2025-01-05,26.02,95.71,0,60,vidutinis
11,5,2025-01-06,17.19,94.39,3,60,sunkus
11,6,2025-01-07,26.59,89.57,2,60,sunkus
11,7,2025-01-08,25.65,92.98,3,60,sunkus
11,8,2025-01-09,25.78,94.02,2,60,vidutinis
11,9,2025-01-10,23.64,91.24,1,60,vidutinis
11,10,2025-01-11,33.85,89.51,4,60,vidutinis
11,11,2025-01-12,30.37,92.41,2,60,sunkus
11,12,2025-01-13,34.62,90.39,1,60,vidutinis
11,13,2025-01-14,31.33,90.47,3,60,sunkus
11,14,2025-01-15,45.66,91.57,3,60,sunkus
11,15,2025-01-16,30.69,92.15,3,60,vidutinis
11,16,2025-01-17,31.49,90.28,1,60,vidutinis
11,17,2025-01-18,34.25,92.82,3,60,sunkus
11,18,2025-01-19,40.96,88.16,4,60,sunkus
11,19,2025-01-20,32.32,90.07,3,60,sunkus
11,20,2025-01-21,29.69,89.01,2,60,sunkus
11,21,2025-01-22,31.55,94.08,2,60,vidutinis
11,22,2025-01-23,26.48,92.12,2,60,lengvas
11,23,2025-01-24,40.36,86.91,3,60,lengvas
11,24,2025-01-25,33.87,94.93,2,60,sunkus
11,25,2025-01-26,37.39,92.99,3,60,lengvas
11,26,2025-01-27,34.85,90.04,1,60,vidutinis
11,27,2025-01-28,28.5,92.64,1,60,lengvas
11,28,2025-01-29,33.0,91.19,1,60,lengvas
11,29,2025-01-30,40.07,86.28,3,60,sunkus
11,30,2025-01-31,35.55,91.05,1,60,lengvas
12,1,2025-01-02,30.71,93.78,1,60,vidutinis
12,2,2025-01-03,22.42,92.78,2,60,lengvas
12,3,2025-01-04,28.56,92.06,3,60,vidutinis
12,4,2025-01-05,35.12,90.86,1,60,sunkus
12,5,2025-01-06,37.19,89.61,3,60,lengvas
12,6,2025-01-07,38.8,89.64,4,60,sunkus
12,7,2025-01-08,36.33,94.89,1,60,sunkus
12,8,2025-01-09,32.75,93.1,3,60,vidutinis
12,9,2025-01-10,33.31,88.43,4,60,sunkus
12,10,2025-01-11,31.73,89.98,4,60,lengvas
12,11,2025-01-12,37.66,92.56,3,60,lengvas
12,12,2025-01-13,32.45,92.02,2,60,vidutinis
12,13,2025-01-14,40.63,88.88,3,60,sunkus
12,14,2025-01-15,29.77,95.63,0,60,vidutinis
12,15,2025-01-16,37.77,90.35,3,60,vidutinis
12,16,2025-01-17,35.27,90.94,2,60,lengvas
12,17,2025-01-18,38.56,90.95,1,60,lengvas
12,18,2025-01-19,38.56,88.95,2,60,sunkus
12,19,2025-01-20,34.51,91.7,1,60,vidutinis
12,20,2025-01-21,54.07,86.0,3,60,vidutinis
12,21,2025-01-22,42.13,88.62,3,60,lengvas
12,22,2025-01-23,36.87,94.63,3,60,lengvas
12,23,2025-01-24,34.84,89.95,2,60,vidutinis
12,24,2025-01-25,51.82,85.12,3,60,sunkus
12,25,2025-01-26,34.18,90.22,2,60,sunkus
12,26,2025-01-27,50.05,85.04,3,60,sunkus
12,27,2025-01-28,40.29,90.7,2,60,sunkus
12,28,2025-01-29,35.82,90.39,1,60,vidutinis
12,29,2025-01-30,39.55,88.11,3,60,lengvas
12,30,2025-01-31,39.92,89.11,4,60,vidutinis
13,1,2025-01-02,35.63,91.57,2,60,vidutinis
13,2,2025-01-03,43.69,87.8,3,60,lengvas
13,3,2025-01-04,44.47,88.6,4,60,sunkus
13,4,2025-01-05,50.92,87.05,3,60,sunkus
13,5,2025-01-06,28.4,91.83,2,60,vidutinis
13,6,2025-01-07,51.39,88.49,4,60,sunkus
13,7,2025-01-08,45.02,92.58,3,60,sunkus
13,8,2025-01-09,46.94,86.74,2,60,sunkus
13,9,2025-01-10,49.2,89.99,3,60,lengvas
13,10,2025-01-11,45.68,84.81,5,60,sunkus
13,11,2025-01-12,44.57,86.32,2,60,lengvas
13,12,2025-01-13,53.51,89.93,4,60,vidutinis
13,13,2025-01-14,53.25,88.14,2,60,vidutinis
13,14,2025-01-15,40.63,90.31,3,60,lengvas
13,15,2025-01-16,48.02,87.72,3,60,lengvas
13,16,2025-01-17,39.63,89.6,2,60,sunkus
13,17,2025-01-18,38.94,90.97,2,60,lengvas
13,18,2025-01-19,40.21,90.68,3,60,vidutinis
13,19,2025-01-20,42.65,90.87,2,60,lengvas
13,20,2025-01-21,50.77,88.09,3,60,lengvas
13,21,2025-01-22,51.02,86.72,4,60,lengvas
13,22,2025-01-23,49.12,87.51,4,60,lengvas
13,23,2025-01-24,50.2,86.62,4,60,vidutinis
13,24,2025-01-25,46.41,88.02,2,60,sunkus
13,25,2025-01-26,46.84,84.61,4,60,lengvas
13,26,2025-01-27,51.15,89.38,4,60,lengvas
13,27,2025-01-28,57.6,87.92,4,60,sunkus
13,28,2025-01-29,51.16,85.99,2,60,sunkus
13,29,2025-01-30,45.57,88.86,4,60,vidutinis
13,30,2025-01-31,47.92,86.79,2,60,lengvas
14,1,2025-01-02,41.5,89.52,2,60,lengvas
14,2,2025-01-03,40.08,88.93,2,60,sunkus
14,3,2025-01-04,54.51,83.55,3,60,lengvas
14,4,2025-01-05,42.31,89.98,4,60,vidutinis
14,5,2025-01-06,42.93,88.52,2,60,vidutinis
14,6,2025-01-07,47.54,90.01,2,60,lengvas
14,7,2025-01-08,47.13,90.18,2,60,sunkus
14,8,2025-01-09,45.74,88.42,2,60,lengvas
14,9,2025-01-10,53.27,85.57,3,60,vidutinis
14,10,2025-01-11,50.14,86.55,2,60,lengvas
14,11,2025-01-12,59.4,90.15,3,60,lengvas
14,12,2025-01-13,49.83,86.65,2,60,sunkus
14,13,2025-01-14,53.98,86.11,4,60,vidutinis
14,14,2025-01-15,51.05,86.13,4,60,sunkus
14,15,2025-01-16,50.93,89.41,3,60,lengvas
14,16,2025-01-17,55.66,85.62,3,60,lengvas
14,17,2025-01-18,44.74,88.71,4,60,lengvas
14,18,2025-01-19,61.02,88.02,4,60,sunkus
14,19,2025-01-20,54.53,86.36,4,60,vidutinis
14,20,2025-01-21,60.75,85.66,4,60,lengvas
14,21,2025-01-22,60.72,88.09,4,60,lengvas
14,22,2025-01-23,49.59,82.82,5,60,sunkus
14,23,2025-01-24,50.92,90.54,1,60,sunkus
14,24,2025-01-25,55.34,86.56,3,60,lengvas
14,25,2025-01-26,52.31,85.92,3,60,sunkus
14,26,2025-01-27,56.1,82.32,4,60,lengvas
14,27,2025-01-28,58.26,85.02,4,60,lengvas
14,28,2025-01-29,48.25,86.09,2,60,sunkus
14,29,2025-01-30,54.89,89.94,3,60,vidutinis
14,30,2025-01-31,57.56,86.3,4,60,lengvas
15,1,2025-01-02,46.41,88.96,4,60,sunkus
15,2,2025-01-03,59.45,85.2,2,60,sunkus
15,3,2025-01-04,56.12,90.12,2,60,lengvas
15,4,2025-01-05,52.88,85.68,4,60,vidutinis
15,5,2025-01-06,56.07,85.54,3,60,sunkus
15,6,2025-01-07,50.63,89.9,2,60,lengvas
15,7,2025-01-08,59.64,83.07,4,60,lengvas
15,8,2025-01-09,56.95,84.46,3,60,vidutinis
15,9,2025-01-10,62.55,88.72,4,60,lengvas
15,10,2025-01-11,65.77,86.22,4,60,vidutinis
15,11,2025-01-12,66.37,86.52,2,60,vidutinis
15,12,2025-01-13,62.91,83.67,4,60,sunkus
15,13,2025-01-14,50.11,89.25,3,60,lengvas
15,14,2025-01-15,60.08,86.08,4,60,lengvas
15,15,2025-01-16,57.64,85.09,3,60,sunkus
15,16,2025-01-17,57.65,89.1,3,60,vidutinis
15,17,2025-01-18,57.35,86.37,3,60,sunkus
15,18,2025-01-19,56.93,85.07,2,60,sunkus
15,19,2025-01-20,58.74,84.13,3,60,sunkus
15,20,2025-01-21,53.29,84.5,5,60,sunkus
15,21,2025-01-22,54.04,84.31,3,60,lengvas
15,22,2025-01-23,53.66,87.58,3,60,lengvas
15,23,2025-01-24,57.3,90.91,2,60,vidutinis
15,24,2025-01-25,53.24,87.43,4,60,lengvas
15,25,2025-01-26,58.59,86.38,4,60,vidutinis
15,26,2025-01-27,59.8,90.96,3,60,sunkus
15,27,2025-01-28,58.8,84.21,5,60,vidutinis
15,28,2025-01-29,57.83,86.55,4,60,lengvas
15,29,2025-01-30,60.42,83.42,5,60,lengvas
15,30,2025-01-31,54.56,88.25,2,60,sunkus
16,1,2025-01-02,40.3,92.83,3,60,lengvas
16,2,2025-01-03,42.34,89.96,3,60,lengvas
16,3,2025-01-04,44.28,91.33,2,60,sunkus
16,4,2025-01-05,45.67,87.78,3,60,lengvas
16,5,2025-01-06,47.94,85.65,3,60,vidutinis
16,6,2025-01-07,51.26,86.24,3,60,vidutinis
16,7,2025-01-08,48.02,87.63,3,60,vidutinis
16,8,2025-01-09,50.02,85.21,2,60,lengvas
16,9,2025-01-10,38.83,93.79,1,60,lengvas
16,10,2025-01-11,56.13,86.21,3,60,vidutinis
16,11,2025-01-12,59.93,85.49,4,60,sunkus
16,12,2025-01-13,52.72,84.3,3,60,lengvas
16,13,2025-01-14,52.17,90.1,1,60,vidutinis
16,14,2025-01-15,56.18,87.25,3,60,vidutinis
16,15,2025-01-16,43.44,87.44,4,60,vidutinis
16,16,2025-01-17,50.72,87.1,3,60,vidutinis
16,17,2025-01-18,41.18,92.25,1,60,sunkus
16,18,2025-01-19,54.68,88.36,4,60,sunkus
16,19,2025-01-20,55.91,89.21,3,60,vidutinis
16,20,2025-01-21,41.65,92.32,1,60,sunkus
16,21,2025-01-22,51.07,85.86,3,60,vidutinis
16,22,2025-01-23,51.78,88.2,3,60,vidutinis
16,23,2025-01-24,52.29,87.25,2,60,sunkus
16,24,2025-01-25,51.46,86.8,3,60,sunkus
16,25,2025-01-26,52.26,90.72,2,60,sunkus
16,26,2025-01-27,61.78,82.09,3,60,lengvas
16,27,2025-01-28,43.9,91.49,2,60,lengvas
16,28,2025-01-29,57.5,86.72,4,60,sunkus
16,29,2025-01-30,62.4,86.25,3,60,lengvas
16,30,2025-01-31,47.47,90.06,3,60,vidutinis
17,1,2025-01-02,43.58,90.45,2,60,sunkus
17,2,2025-01-03,45.23,88.41,3,60,sunkus
17,3,2025-01-04,43.8,83.97,4,60,vidutinis
17,4,2025-01-05,48.9,86.02,2,60,sunkus
17,5,2025-01-06,52.79,91.69,1,60,sunkus
17,6,2025-01-07,45.63,88.4,2,60,lengvas
17,7,2025-01-08,55.28,89.16,3,60,vidutinis
17,8,2025-01-09,49.65,88.48,3,60,sunkus
17,9,2025-01-10,46.93,88.47,3,60,lengvas
17,10,2025-01-11,50.8,87.99,4,60,vidutinis
17,11,2025-01-12,46.77,87.09,3,60,sunkus
17,12,2025-01-13,51.1,83.96,3,60,lengvas
17,13,2025-01-14,53.49,85.77,2,60,sunkus
17,14,2025-01-15,52.51,84.7,3,60,sunkus
17,15,2025-01-16,41.6,87.17,4,60,vidutinis
17,16,2025-01-17,58.71,87.4,3,60,sunkus
17,17,2025-01-18,48.66,87.79,3,60,lengvas
17,18,2025-01-19,50.58,91.12,1,60,lengvas
17,19,2025-01-20,56.44,83.09,5,60,sunkus
17,20,2025-01-21,57.82,87.34,2,60,sunkus
17,21,2025-01-22,49.57,88.93,4,60,sunkus
17,22,2025-01-23,46.53,87.72,4,60,vidutinis
17,23,2025-01-24,50.56,85.58,2,60,lengvas
17,24,2025-01-25,45.55,88.4,4,60,sunkus
17,25,2025-01-26,51.61,91.55,3,60,sunkus
17,26,2025-01-27,52.29,88.1,3,60,lengvas
17,27,2025-01-28,47.92,89.26,3,60,vidutinis
17,28,2025-01-29,54.0,91.1,3,60,lengvas
17,29,2025-01-30,57.97,87.48,2,60,vidutinis
17,30,2025-01-31,52.38,86.79,4,60,sunkus
18,1,2025-01-02,48.27,87.55,2,60,lengvas
18,2,2025-01-03,60.84,83.29,3,60,vidutinis
18,3,2025-01-04,50.07,91.47,3,60,lengvas
18,4,2025-01-05,47.92,87.27,3,60,lengvas
18,5,2025-01-06,45.34,87.99,4,60,sunkus
18,6,2025-01-07,45.38,88.42,2,60,sunkus
18,7,2025-01-08,55.02,85.63,2,60,lengvas
18,8,2025-01-09,47.17,87.06,2,60,vidutinis
18,9,2025-01-10,50.9,87.55,2,60,lengvas
18,10,2025-01-11,45.05,87.03,3,60,sunkus
18,11,2025-01-12,48.87,86.97,3,60,lengvas
18,12,2025-01-13,44.83,88.93,2,60,sunkus
18,13,2025-01-14,41.87,87.4,2,60,vidutinis
18,14,2025-01-15,41.13,92.03,1,60,lengvas
18,15,2025-01-16,60.02,86.95,2,60,lengvas
18,16,2025-01-17,54.66,86.86,2,60,lengvas
18,17,2025-01-18,42.2,89.72,2,60,lengvas
18,18,2025-01-19,57.53,88.95,4,60,lengvas
18,19,2025-01-20,46.71,88.3,4,60,lengvas
18,20,2025-01-21,54.71,86.4,4,60,vidutinis
18,21,2025-01-22,50.41,85.31,3,60,vidutinis
18,22,2025-01-23,49.58,90.71,1,60,vidutinis
18,23,2025-01-24,51.31,88.23,2,60,lengvas
18,24,2025-01-25,48.19,89.47,2,60,lengvas
18,25,2025-01-26,50.39,84.55,5,60,sunkus
18,26,2025-01-27,52.44,87.23,3,60,sunkus
18,27,2025-01-28,59.09,87.09,4,60,vidutinis
18,28,2025-01-29,60.06,83.3,3,60,lengvas
18,29,2025-01-30,45.41,89.4,4,60,vidutinis
18,30,2025-01-31,50.23,87.61,2,60,lengvas
19,1,2025-01-02,33.2,94.29,2,60,lengvas
19,2,2025-01-03,19.24,95.76,2,60,vidutinis
19,3,2025-01-04,36.07,88.38,4,60,lengvas
19,4,2025-01-05,29.45,92.43,1,60,vidutinis
19,5,2025-01-06,22.93,94.18,2,60,vidutinis
19,6,2025-01-07,45.18,89.85,4,60,sunkus
19,7,2025-01-08,30.67,90.54,1,60,sunkus
19,8,2025-01-09,29.24,90.01,2,60,sunkus
19,9,2025-01-10,30.08,92.33,1,60,vidutinis
19,10,2025-01-11,30.66,90.95,1,60,vidutinis
19,11,2025-01-12,36.32,89.49,3,60,sunkus
19,12,2025-01-13,27.03,95.34,2,60,vidutinis
19,13,2025-01-14,24.72,97.2,1,60,lengvas
19,14,2025-01-15,28.44,94.13,3,60,vidutinis
19,15,2025-01-16,36.53,89.42,4,60,sunkus
19,16,2025-01-17,37.38,89.44,3,60,vidutinis
19,17,2025-01-18,38.64,90.57,2,60,lengvas
19,18,2025-01-19,37.16,89.03,4,60,vidutinis
19,19,2025-01-20,37.36,88.84,2,60,lengvas
19,20,2025-01-21,35.42,90.29,1,60,sunkus
19,21,2025-01-22,39.64,89.43,4,60,sunkus
19,22,2025-01-23,28.53,95.29,0,60,lengvas
19,23,2025-01-24,38.23,93.34,3,60,lengvas
19,24,2025-01-25,34.66,90.66,1,60,vidutinis
19,25,2025-01-26,35.99,90.92,1,60,sunkus
19,26,2025-01-27,40.76,87.35,4,60,vidutinis
19,27,2025-01-28,36.67,91.41,1,60,sunkus
19,28,2025-01-29,34.26,92.7,3,60,lengvas
19,29,2025-01-30,36.53,87.83,4,60,lengvas
19,30,2025-01-31,40.92,93.36,1,60,lengvas
20,1,2025-01-02,44.81,85.18,2,60,sunkus
20,2,2025-01-03,36.96,87.39,3,60,vidutinis
20,3,2025-01-04,56.31,87.66,4,60,lengvas
20,4,2025-01-05,48.48,88.43,3,60,lengvas
20,5,2025-01-06,40.39,88.97,2,60,sunkus
20,6,2025-01-07,53.86,85.15,4,60,sunkus
20,7,2025-01-08,41.06,87.63,2,60,vidutinis
20,8,2025-01-09,53.45,91.81,3,60,lengvas
20,9,2025-01-10,49.44,87.68,3,60,sunkus
20,10,2025-01-11,43.83,88.72,4,60,lengvas
20,11,2025-01-12,53.72,90.92,3,60,lengvas
20,12,2025-01-13,56.15,86.12,2,60,lengvas
20,13,2025-01-14,52.68,86.41,3,60,lengvas
20,14,2025-01-15,49.56,86.54,2,60,sunkus
20,15,2025-01-16,45.51,89.49,4,60,sunkus
20,16,2025-01-17,46.77,87.58,2,60,vidutinis
20,17,2025-01-18,53.24,89.87,2,60,vidutinis
20,18,2025-01-19,57.07,86.12,3,60,vidutinis
20,19,2025-01-20,43.2,90.44,1,60,sunkus
20,20,2025-01-21,52.95,89.91,3,60,vidutinis
20,21,2025-01-22,55.53,87.68,2,60,vidutinis
20,22,2025-01-23,48.85,86.43,3,60,sunkus
20,23,2025-01-24,54.65,87.8,3,60,lengvas
20,24,2025-01-25,47.67,88.73,4,60,vidutinis
20,25,2025-01-26,56.83,89.01,4,60,lengvas
20,26,2025-01-27,55.23,87.3,2,60,vidutinis
20,27,2025-01-28,57.32,83.29,3,60,lengvas
20,28,2025-01-29,52.13,88.16,2,60,vidutinis
20,29,2025-01-30,49.34,87.38,3,60,vidutinis
20,30,2025-01-31,62.36,82.16,3,60,lengvas
21,1,2025-01-02,29.54,90.37,3,60,vidutinis
21,2,2025-01-03,37.44,88.13,2,60,vidutinis
21,3,2025-01-04,31.8,89.62,2,60,vidutinis
21,4,2025-01-05,33.93,89.85,2,60,sunkus
21,5,2025-01-06,30.8,93.36,1,60,vidutinis
21,6,2025-01-07,37.69,89.91,3,60,vidutinis
21,7,2025-01-08,30.31,90.06,3,60,sunkus
21,8,2025-01-09,33.42,91.9,3,60,lengvas
21,9,2025-01-10,38.05,91.41,1,60,vidutinis
21,10,2025-01-11,29.03,96.68,2,60,vidutinis
21,11,2025-01-12,35.06,88.53,2,60,lengvas
21,12,2025-01-13,25.65,93.28,1,60,lengvas
21,13,2025-01-14,35.54,92.34,3,60,lengvas
21,14,2025-01-15,42.6,91.68,3,60,vidutinis
21,15,2025-01-16,34.2,91.81,1,60,lengvas
21,16,2025-01-17,34.1,90.99,2,60,lengvas
21,17,2025-01-18,33.02,94.16,1,60,vidutinis
21,18,2025-01-19,33.79,95.34,2,60,lengvas
21,19,2025-01-20,27.53,92.46,1,60,vidutinis
21,20,2025-01-21,38.34,92.02,3,60,vidutinis
21,21,2025-01-22,35.74,91.37,2,60,vidutinis
21,22,2025-01-23,39.62,87.45,2,60,lengvas
21,23,2025-01-24,36.69,93.52,2,60,lengvas
21,24,2025-01-25,37.06,91.72,3,60,lengvas
21,25,2025-01-26,38.67,88.33,3,60,lengvas
21,26,2025-01-27,33.08,93.04,1,60,vidutinis
21,27,2025-01-28,35.35,89.77,4,60,sunkus
21,28,2025-01-29,43.88,88.41,3,60,vidutinis
21,29,2025-01-30,42.02,90.06,2,60,vidutinis
21,30,2025-01-31,38.5,92.08,3,60,vidutinis
22,1,2025-01-02,42.44,91.13,2,60,sunkus
22,2,2025-01-03,46.5,85.94,4,60,vidutinis
22,3,2025-01-04,55.21,85.62,4,60,lengvas
22,4,2025-01-05,53.45,87.0,3,60,sunkus
22,5,2025-01-06,60.33,86.04,2,60,vidutinis
22,6,2025-01-07,51.82,89.86,2,60,vidutinis
22,7,2025-01-08,51.55,88.52,3,60,vidutinis
22,8,2025-01-09,50.29,86.37,4,60,vidutinis
22,9,2025-01-10,56.63,84.75,3,60,lengvas
22,10,2025-01-11,51.82,85.14,2,60,lengvas
22,11,2025-01-12,54.01,87.98,4,60,vidutinis
22,12,2025-01-13,54.27,86.1,3,60,sunkus
22,13,2025-01-14,52.35,91.73,1,60,sunkus
22,14,2025-01-15,50.7,88.12,2,60,sunkus
22,15,2025-01-16,52.15,85.4,4,60,lengvas
22,16,2025-01-17,54.31,87.38,2,60,sunkus
22,17,2025-01-18,54.87,88.78,2,60,sunkus
22,18,2025-01-19,53.67,85.27,4,60,sunkus
22,19,2025-01-20,60.6,87.67,2,60,vidutinis
22,20,2025-01-21,51.28,90.38,1,60,vidutinis
22,21,2025-01-22,47.34,86.61,4,60,lengvas
22,22,2025-01-23,51.79,90.93,3,60,vidutinis
22,23,2025-01-24,45.86,87.92,3,60,lengvas
22,24,2025-01-25,49.0,85.58,4,60,vidutinis
22,25,2025-01-26,59.74,84.89,4,60,vidutinis
22,26,2025-01-27,47.67,86.87,3,60,sunkus
22,27,2025-01-28,46.12,91.71,1,60,vidutinis
22,28,2025-01-29,56.42,88.56,2,60,vidutinis
22,29,2025-01-30,57.25,88.66,2,60,vidutinis
22,30,2025-01-31,54.57,87.5,2,60,vidutinis
23,1,2025-01-02,48.23,88.54,4,60,vidutinis
23,2,2025-01-03,46.72,90.64,2,60,lengvas
23,3,2025-01-04,46.98,87.47,2,60,vidutinis
23,4,2025-01-05,51.76,85.13,4,60,lengvas
23,5,2025-01-06,58.46,86.05,2,60,lengvas
23,6,2025-01-07,50.23,88.64,4,60,vidutinis
23,7,2025-01-08,55.02,88.1,4,60,lengvas
23,8,2025-01-09,47.7,87.39,3,60,lengvas
23,9,2025-01-10,49.28,86.15,4,60,sunkus
23,10,2025-01-11,50.3,86.82,3,60,vidutinis
23,11,2025-01-12,49.69,90.04,1,60,sunkus
23,12,2025-01-13,48.97,88.95,3,60,sunkus
23,13,2025-01-14,44.63,88.91,2,60,sunkus
23,14,2025-01-15,52.76,87.62,3,60,lengvas
23,15,2025-01-16,52.48,87.1,2,60,vidutinis
23,16,2025-01-17,55.77,89.61,4,60,sunkus
23,17,2025-01-18,46.82,86.31,3,60,sunkus
23,18,2025-01-19,55.46,89.22,3,60,vidutinis
23,19,2025-01-20,54.47,87.02,2,60,sunkus
23,20,2025-01-21,52.09,86.58,4,60,lengvas
23,21,2025-01-22,58.68,87.71,3,60,sunkus
23,22,2025-01-23,52.71,88.07,3,60,sunkus
23,23,2025-01-24,50.4,89.53,4,60,lengvas
23,24,2025-01-25,49.5,87.91,2,60,sunkus
23,25,2025-01-26,48.82,89.55,3,60,sunkus
23,26,2025-01-27,51.5,87.68,4,60,sunkus
23,27,2025-01-28,45.61,83.5,4,60,vidutinis
23,28,2025-01-29,50.03,90.07,2,60,vidutinis
23,29,2025-01-30,41.74,87.43,3,60,vidutinis
23,30,2025-01-31,62.33,86.69,3,60,lengvas
24,1,2025-01-02,42.7,90.15,1,60,lengvas
24,2,2025-01-03,52.18,87.87,2,60,sunkus
24,3,2025-01-04,49.6,86.93,2,60,lengvas
24,4,2025-01-05,48.74,91.91,1,60,vidutinis
24,5,2025-01-06,51.09,87.91,2,60,sunkus
24,6,2025-01-07,49.45,88.03,3,60,vidutinis
24,7,2025-01-08,43.16,91.84,3,60,vidutinis
24,8,2025-01-09,46.0,87.43,2,60,sunkus
24,9,2025-01-10,46.75,88.68,2,60,vidutinis
24,10,2025-01-11,45.91,85.35,2,60,lengvas
24,11,2025-01-12,50.64,90.45,2,60,lengvas
24,12,2025-01-13,53.67,86.82,4,60,sunkus
24,13,2025-01-14,58.06,81.93,3,60,sunkus
24,14,2025-01-15,49.25,87.23,2,60,vidutinis
24,15,2025-01-16,52.8,83.45,4,60,vidutinis
24,16,2025-01-17,61.49,83.0,5,60,lengvas
24,17,2025-01-18,51.85,83.0,3,60,vidutinis
24,18,2025-01-19,47.5,91.44,2,60,sunkus
24,19,2025-01-20,51.72,87.21,3,60,vidutinis
24,20,2025-01-21,54.36,84.9,5,60,sunkus
24,21,2025-01-22,45.86,89.2,3,60,vidutinis
24,22,2025-01-23,46.33,86.82,2,60,sunkus
24,23,2025-01-24,54.85,85.8,4,60,lengvas
24,24,2025-01-25,43.81,90.38,3,60,vidutinis
24,25,2025-01-26,53.95,86.25,2,60,sunkus
24,26,2025-01-27,65.1,85.33,4,60,vidutinis
24,27,2025-01-28,50.82,87.05,4,60,sunkus
24,28,2025-01-29,52.94,82.57,5,60,lengvas
24,29,2025-01-30,48.72,90.7,2,60,lengvas
24,30,2025-01-31,55.96,87.42,3,60,lengvas
25,1,2025-01-02,41.52,87.27,4,60,sunkus
25,2,2025-01-03,52.73,86.4,4,60,lengvas
25,3,2025-01-04,51.55,87.71,4,60,vidutinis
25,4,2025-01-05,62.52,88.28,4,60,sunkus
25,5,2025-01-06,47.07,84.3,4,60,sunkus
25,6,2025-01-07,47.2,88.22,4,60,lengvas
25,7,2025-01-08,57.06,88.01,4,60,sunkus
25,8,2025-01-09,46.27,85.35,2,60,sunkus
25,9,2025-01-10,57.96,86.58,3,60,sunkus
25,10,2025-01-11,52.43,90.27,3,60,vidutinis
25,11,2025-01-12,50.76,86.34,4,60,vidutinis
25,12,2025-01-13,58.26,80.66,4,60,sunkus
25,13,2025-01-14,60.09,85.62,3,60,sunkus
25,14,2025-01-15,47.18,91.14,2,60,sunkus
25,15,2025-01-16,47.76,88.45,4,60,vidutinis
25,16,2025-01-17,63.73,84.9,4,60,vidutinis
25,17,2025-01-18,56.77,86.89,4,60,lengvas
25,18,2025-01-19,52.64,87.41,2,60,lengvas
25,19,2025-01-20,52.7,85.5,3,60,lengvas
25,20,2025-01-21,51.27,87.38,3,60,sunkus
25,21,2025-01-22,47.39,88.01,3,60,lengvas
25,22,2025-01-23,53.65,87.67,4,60,sunkus
25,23,2025-01-24,59.84,87.46,3,60,lengvas
25,24,2025-01-25,57.82,82.58,3,60,vidutinis
25,25,2025-01-26,57.24,88.37,3,60,sunkus
25,26,2025-01-27,49.81,86.01,4,60,vidutinis
25,27,2025-01-28,61.75,87.23,3,60,sunkus
25,28,2025-01-29,54.63,85.76,3,60,lengvas
25,29,2025-01-30,56.54,88.83,3,60,sunkus
25,30,2025-01-31,49.57,87.12,4,60,sunkus
26,1,2025-01-02,23.38,94.34,2,60,lengvas
26,2,2025-01-03,36.84,91.53,3,60,lengvas
26,3,2025-01-04,30.72,89.97,2,60,vidutinis
26,4,2025-01-05,36.44,87.7,4,60,vidutinis
26,5,2025-01-06,37.64,91.91,2,60,vidutinis
26,6,2025-01-07,34.99,89.38,2,60,lengvas
26,7,2025-01-08,36.99,90.34,3,60,lengvas
26,8,2025-01-09,35.64,88.39,4,60,vidutinis
26,9,2025-01-10,36.49,87.18,3,60,vidutinis
26,10,2025-01-11,32.24,90.55,3,60,sunkus
26,11,2025-01-12,30.54,91.1,3,60,lengvas
26,12,2025-01-13,28.66,90.09,3,60,vidutinis
26,13,2025-01-14,29.28,90.98,2,60,lengvas
26,14,2025-01-15,35.4,88.8,4,60,lengvas
26,15,2025-01-16,30.15,90.34,1,60,lengvas
26,16,2025-01-17,39.33,90.28,3,60,lengvas
26,17,2025-01-18,35.62,90.78,2,60,sunkus
26,18,2025-01-19,31.07,98.4,0,60,vidutinis
26,19,2025-01-20,35.81,93.95,2,60,vidutinis
26,20,2025-01-21,38.95,87.67,2,60,sunkus
26,21,2025-01-22,34.89,90.33,1,60,vidutinis
26,22,2025-01-23,28.96,93.96,1,60,sunkus
26,23,2025-01-24,34.92,91.39,1,60,lengvas
26,24,2025-01-25,43.75,84.96,3,60,vidutinis
26,25,2025-01-26,34.02,91.25,2,60,vidutinis
26,26,2025-01-27,42.22,87.85,3,60,sunkus
26,27,2025-01-28,38.41,88.23,4,60,vidutinis
26,28,2025-01-29,33.53,95.21,1,60,sunkus
26,29,2025-01-30,36.9,91.39,1,60,lengvas
26,30,2025-01-31,40.16,91.83,3,60,sunkus
27,1,2025-01-02,40.69,89.25,3,60,sunkus
27,2,2025-01-03,40.68,92.24,3,60,vidutinis
27,3,2025-01-04,46.52,89.01,2,60,lengvas
27,4,2025-01-05,48.01,81.99,5,60,lengvas
27,5,2025-01-06,36.72,87.46,4,60,lengvas
27,6,2025-01-07,40.62,88.22,3,60,sunkus
27,7,2025-01-08,47.96,91.24,3,60,sunkus
27,8,2025-01-09,46.39,88.83,4,60,sunkus
27,9,2025-01-10,49.31,87.81,4,60,lengvas
27,10,2025-01-11,49.38,87.07,3,60,lengvas
27,11,2025-01-12,39.74,86.21,3,60,vidutinis
27,12,2025-01-13,41.71,86.88,4,60,lengvas
27,13,2025-01-14,39.41,91.01,1,60,vidutinis
27,14,2025-01-15,37.85,95.57,2,60,lengvas
27,15,2025-01-16,46.3,87.63,4,60,sunkus
27,16,2025-01-17,40.45,92.45,1,60,lengvas
27,17,2025-01-18,53.08,87.3,2,60,vidutinis
27,18,2025-01-19,48.96,89.94,4,60,vidutinis
27,19,2025-01-20,47.06,84.3,5,60,lengvas
27,20,2025-01-21,43.56,89.62,3,60,vidutinis
27,21,2025-01-22,61.42,84.02,5,60,lengvas
27,22,2025-01-23,49.44,89.12,3,60,vidutinis
27,23,2025-01-24,54.61,87.24,2,60,sunkus
27,24,2025-01-25,47.69,89.09,4,60,sunkus
27,25,2025-01-26,54.35,87.83,3,60,lengvas
27,26,2025-01-27,51.63,84.99,4,60,vidutinis
27,27,2025-01-28,44.67,90.29,2,60,vidutinis
27,28,2025-01-29,46.52,91.84,1,60,vidutinis
27,29,2025-01-30,47.74,91.26,3,60,vidutinis
27,30,2025-01-31,53.79,88.13,2,60,vidutinis
28,1,2025-01-02,43.2,90.22,2,60,lengvas
28,2,2025-01-03,46.95,89.71,4,60,sunkus
28,3,2025-01-04,45.74,86.34,2,60,sunkus
28,4,2025-01-05,40.42,90.34,1,60,vidutinis
28,5,2025-01-06,43.58,88.72,3,60,lengvas
28,6,2025-01-07,44.88,85.67,3,60,sunkus
28,7,2025-01-08,35.88,91.97,1,60,vidutinis
28,8,2025-01-09,48.89,88.86,4,60,sunkus
28,9,2025-01-10,48.41,89.6,3,60,lengvas
28,10,2025-01-11,51.41,85.9,4,60,vidutinis
28,11,2025-01-12,54.69,88.28,3,60,vidutinis
28,12,2025-01-13,47.02,89.97,4,60,sunkus
28,13,2025-01-14,55.43,87.45,4,60,sunkus
28,14,2025-01-15,41.01,88.68,2,60,lengvas
28,15,2025-01-16,50.07,87.68,4,60,sunkus
28,16,2025-01-17,49.1,88.39,2,60,lengvas
28,17,2025-01-18,58.28,87.81,2,60,sunkus
28,18,2025-01-19,52.57,84.44,3,60,lengvas
28,19,2025-01-20,52.18,89.51,4,60,lengvas
28,20,2025-01-21,52.04,85.02,2,60,lengvas
28,21,2025-01-22,45.8,83.32,4,60,sunkus
28,22,2025-01-23,47.82,89.9,3,60,vidutinis
28,23,2025-01-24,48.71,86.96,4,60,sunkus
28,24,2025-01-25,43.6,87.79,2,60,vidutinis
28,25,2025-01-26,49.08,85.07,4,60,sunkus
28,26,2025-01-27,51.34,85.84,2,60,sunkus
28,27,2025-01-28,50.41,88.87,3,60,lengvas
28,28,2025-01-29,54.22,86.98,2,60,lengvas
28,29,2025-01-30,48.75,91.08,2,60,sunkus
28,30,2025-01-31,54.82,85.92,3,60,lengvas
29,1,2025-01-02,50.59,86.3,3,60,vidutinis
29,2,2025-01-03,41.85,90.06,2,60,lengvas
29,3,2025-01-04,34.04,90.95,2,60,sunkus
29,4,2025-01-05,46.28,89.42,3,60,lengvas
29,5,2025-01-06,47.93,89.0,4,60,sunkus
29,6,2025-01-07,45.55,91.53,2,60,vidutinis
29,7,2025-01-08,40.05,86.88,4,60,lengvas
29,8,2025-01-09,49.09,88.77,4,60,sunkus
29,9,2025-01-10,50.31,85.63,3,60,vidutinis
29,10,2025-01-11,43.3,89.53,4,60,sunkus
29,11,2025-01-12,52.25,87.55,3,60,sunkus
29,12,2025-01-13,50.77,86.94,4,60,vidutinis
29,13,2025-01-14,45.53,86.34,3,60,lengvas
29,14,2025-01-15,47.8,87.11,3,60,lengvas
29,15,2025-01-16,48.22,90.21,1,60,sunkus
29,16,2025-01-17,53.16,87.38,3,60,lengvas
29,17,2025-01-18,54.58,87.07,4,60,vidutinis
29,18,2025-01-19,45.91,87.27,3,60,lengvas
29,19,2025-01-20,38.21,89.47,4,60,vidutinis
29,20,2025-01-21,40.08,87.57,3,60,sunkus
29,21,2025-01-22,49.44,85.93,3,60,sunkus
29,22,2025-01-23,54.04,91.85,1,60,lengvas
29,23,2025-01-24,51.98,85.5,2,60,vidutinis
29,24,2025-01-25,55.05,88.53,4,60,lengvas
29,25,2025-01-26,50.38,87.26,3,60,sunkus
29,26,2025-01-27,47.15,90.68,3,60,vidutinis
29,27,2025-01-28,52.51,87.74,4,60,lengvas
29,28,2025-01-29,48.16,89.37,2,60,sunkus
29,29,2025-01-30,46.68,89.51,2,60,lengvas
29,30,2025-01-31,45.6,86.89,4,60,vidutinis
30,1,2025-01-02,31.58,93.13,1,60,vidutinis
30,2,2025-01-03,43.33,89.1,3,60,sunkus
30,3,2025-01-04,39.97,92.31,1,60,lengvas
30,4,2025-01-05,28.14,92.52,3,60,sunkus
30,5,2025-01-06,31.26,93.46,3,60,sunkus
30,6,2025-01-07,38.23,89.55,3,60,vidutinis
30,7,2025-01-08,36.9,90.93,3,60,vidutinis
30,8,2025-01-09,35.41,88.31,3,60,sunkus
30,9,2025-01-10,32.31,89.52,4,60,sunkus
30,10,2025-01-11,39.37,88.61,2,60,sunkus
30,11,2025-01-12,39.78,89.92,3,60,sunkus
30,12,2025-01-13,28.63,93.3,3,60,sunkus
30,13,2025-01-14,49.32,88.81,3,60,lengvas
30,14,2025-01-15,36.42,88.32,3,60,vidutinis
30,15,2025-01-16,44.81,90.91,3,60,lengvas
30,16,2025-01-17,35.46,91.32,2,60,sunkus
30,17,2025-01-18,41.67,92.17,1,60,lengvas
30,18,2025-01-19,41.81,86.4,2,60,sunkus
30,19,2025-01-20,31.37,92.56,1,60,sunkus
30,20,2025-01-21,37.64,88.35,3,60,sunkus
30,21,2025-01-22,43.93,88.15,4,60,sunkus
30,22,2025-01-23,42.88,90.21,1,60,sunkus
30,23,2025-01-24,39.53,90.89,2,60,lengvas
30,24,2025-01-25,44.41,91.33,2,60,sunkus
30,25,2025-01-26,45.73,89.66,2,60,lengvas
30,26,2025-01-27,42.62,93.02,1,60,lengvas
30,27,2025-01-28,45.3,88.79,2,60,lengvas
30,28,2025-01-29,40.75,85.97,2,60,vidutinis
30,29,2025-01-30,39.16,86.82,2,60,lengvas
30,30,2025-01-31,37.67,93.27,1,60,sunkus
31,1,2025-01-02,11.52,96.09,1,60,sunkus
31,2,2025-01-03,25.78,94.22,2,60,lengvas
31,3,2025-01-04,26.69,91.46,3,60,vidutinis
31,4,2025-01-05,22.83,93.94,3,60,vidutinis
31,5,2025-01-06,24.95,95.66,2,60,vidutinis
31,6,2025-01-07,26.9,92.79,2,60,lengvas
31,7,2025-01-08,27.7,94.27,1,60,lengvas
31,8,2025-01-09,24.35,92.71,1,60,vidutinis
31,9,2025-01-10,20.91,96.52,2,60,sunkus
31,10,2025-01-11,29.23,91.73,2,60,sunkus
31,11,2025-01-12,27.69,95.15,2,60,vidutinis
31,12,2025-01-13,32.58,90.87,3,60,vidutinis
31,13,2025-01-14,20.14,94.15,1,60,vidutinis
31,14,2025-01-15,36.92,91.34,2,60,lengvas
31,15,2025-01-16,17.5,95.29,0,60,lengvas
31,16,2025-01-17,30.28,94.14,2,60,vidutinis
31,17,2025-01-18,30.33,96.48,0,60,sunkus
31,18,2025-01-19,28.0,90.84,3,60,sunkus
31,19,2025-01-20,34.99,90.34,1,60,sunkus
31,20,2025-01-21,29.5,96.08,0,60,vidutinis
31,21,2025-01-22,27.08,92.25,3,60,sunkus
31,22,2025-01-23,25.19,92.74,2,60,sunkus
31,23,2025-01-24,25.86,91.84,1,60,sunkus
31,24,2025-01-25,30.65,92.48,1,60,vidutinis
31,25,2025-01-26,25.73,92.58,1,60,sunkus
31,26,2025-01-27,29.35,91.11,1,60,vidutinis
31,27,2025-01-28,33.18,93.67,1,60,sunkus
31,28,2025-01-29,31.06,90.15,1,60,lengvas
31,29,2025-01-30,28.29,94.18,1,60,sunkus
31,30,2025-01-31,32.56,88.9,4,60,lengvas
32,1,2025-01-02,31.61,93.12,3,60,vidutinis
32,2,2025-01-03,37.41,88.58,2,60,sunkus
32,3,2025-01-04,42.75,88.03,2,60,vidutinis
32,4,2025-01-05,34.45,89.65,3,60,vidutinis
32,5,2025-01-06,34.26,91.73,2,60,vidutinis
32,6,2025-01-07,32.11,94.38,3,60,vidutinis
32,7,2025-01-08,34.09,90.7,1,60,vidutinis
32,8,2025-01-09,36.97,89.26,2,60,sunkus
32,9,2025-01-10,45.72,86.76,3,60,vidutinis
32,10,2025-01-11,35.55,88.99,3,60,vidutinis
32,11,2025-01-12,33.63,91.42,3,60,sunkus
32,12,2025-01-13,39.17,90.67,3,60,lengvas
32,13,2025-01-14,28.03,93.84,1,60,sunkus
32,14,2025-01-15,31.01,91.64,1,60,vidutinis
32,15,2025-01-16,31.31,89.17,4,60,lengvas
32,16,2025-01-17,37.28,89.82,4,60,vidutinis
32,17,2025-01-18,40.64,89.1,3,60,lengvas
32,18,2025-01-19,32.73,89.4,2,60,lengvas
32,19,2025-01-20,23.34,90.56,2,60,sunkus
32,20,2025-01-21,37.51,89.52,3,60,vidutinis
32,21,2025-01-22,37.24,90.13,3,60,sunkus
32,22,2025-01-23,36.41,91.43,2,60,lengvas
32,23,2025-01-24,33.65,92.48,2,60,sunkus
32,24,2025-01-25,36.74,91.38,3,60,lengvas
32,25,2025-01-26,35.89,89.41,3,60,vidutinis
32,26,2025-01-27,39.83,92.28,1,60,vidutinis
32,27,2025-01-28,40.55,90.01,3,60,sunkus
32,28,2025-01-29,30.24,89.56,3,60,sunkus
32,29,2025-01-30,29.67,94.83,3,60,lengvas
32,30,2025-01-31,36.31,92.92,2,60,lengvas
33,1,2025-01-02,40.13,88.8,4,60,lengvas
33,2,2025-01-03,51.85,89.85,2,60,vidutinis
33,3,2025-01-04,45.17,87.44,4,60,sunkus
33,4,2025-01-05,50.64,86.75,2,60,sunkus
33,5,2025-01-06,49.88,90.66,1,60,sunkus
33,6,2025-01-07,48.61,89.02,2,60,lengvas
33,7,2025-01-08,54.2,89.67,3,60,sunkus
33,8,2025-01-09,59.01,85.22,3,60,vidutinis
33,9,2025-01-10,44.99,89.68,3,60,vidutinis
33,10,2025-01-11,56.99,85.53,4,60,vidutinis
33,11,2025-01-12,60.99,87.75,3,60,vidutinis
33,12,2025-01-13,62.89,84.59,5,60,sunkus
33,13,2025-01-14,53.57,88.67,3,60,lengvas
33,14,2025-01-15,50.31,89.22,4,60,lengvas
33,15,2025-01-16,61.01,82.34,3,60,sunkus
33,16,2025-01-17,51.88,90.53,2,60,vidutinis
33,17,2025-01-18,51.67,86.04,3,60,lengvas
33,18,2025-01-19,55.94,84.96,5,60,vidutinis
33,19,2025-01-20,54.18,88.29,3,60,lengvas
33,20,2025-01-21,67.69,85.81,3,60,vidutinis
33,21,2025-01-22,51.12,90.7,3,60,sunkus
33,22,2025-01-23,58.76,88.72,4,60,vidutinis
33,23,2025-01-24,67.04,83.89,4,60,lengvas
33,24,2025-01-25,61.47,85.26,3,60,sunkus
33,25,2025-01-26,58.22,84.07,3,60,vidutinis
33,26,2025-01-27,59.5,91.38,1,60,sunkus
33,27,2025-01-28,48.01,87.34,2,60,vidutinis
33,28,2025-01-29,57.69,89.15,3,60,sunkus
33,29,2025-01-30,62.09,85.49,4,60,vidutinis
33,30,2025-01-31,57.81,88.73,2,60,sunkus
34,1,2025-01-02,58.07,87.46,3,60,sunkus
34,2,2025-01-03,56.2,87.83,2,60,sunkus
34,3,2025-01-04,52.91,86.96,3,60,vidutinis
34,4,2025-01-05,57.94,84.73,3,60,lengvas
34,5,2025-01-06,45.73,85.38,2,60,lengvas
34,6,2025-01-07,50.55,91.79,2,60,vidutinis
34,7,2025-01-08,61.79,84.64,5,60,vidutinis
34,8,2025-01-09,49.51,87.78,2,60,sunkus
34,9,2025-01-10,62.07,82.94,5,60,vidutinis
34,10,2025-01-11,53.52,88.26,4,60,vidutinis
34,11,2025-01-12,55.63,85.39,2,60,lengvas
34,12,2025-01-13,46.05,88.28,4,60,sunkus
34,13,2025-01-14,50.25,88.57,3,60,sunkus
34,14,2025-01-15,58.1,87.84,4,60,lengvas
34,15,2025-01-16,58.64,85.55,4,60,lengvas
34,16,2025-01-17,51.37,84.31,3,60,vidutinis
34,17,2025-01-18,58.12,84.51,4,60,sunkus
34,18,2025-01-19,63.36,86.33,2,60,lengvas
34,19,2025-01-20,51.91,92.14,1,60,sunkus
34,20,2025-01-21,54.46,86.19,2,60,sunkus
34,21,2025-01-22,55.73,85.38,3,60,vidutinis
34,22,2025-01-23,59.2,86.93,4,60,vidutinis
34,23,2025-01-24,53.88,87.66,2,60,sunkus
34,24,2025-01-25,50.2,90.32,3,60,vidutinis
34,25,2025-01-26,49.16,88.19,3,60,vidutinis
34,26,2025-01-27,58.14,85.95,2,60,sunkus
34,27,2025-01-28,56.91,85.55,2,60,lengvas
34,28,2025-01-29,49.92,86.0,3,60,lengvas
34,29,2025-01-30,51.5,86.27,2,60,lengvas
34,30,2025-01-31,68.22,88.06,3,60,sunkus
35,1,2025-01-02,44.98,88.62,3,60,sunkus
35,2,2025-01-03,43.52,85.29,2,60,vidutinis
35,3,2025-01-04,45.54,90.41,3,60,sunkus
35,4,2025-01-05,52.36,89.91,4,60,vidutinis
35,5,2025-01-06,50.7,88.84,2,60,lengvas
35,6,2025-01-07,54.83,87.62,4,60,vidutinis
35,7,2025-01-08,50.4,89.31,3,60,lengvas
35,8,2025-01-09,54.54,85.24,4,60,lengvas
35,9,2025-01-10,54.73,88.9,3,60,vidutinis
35,10,2025-01-11,45.95,91.14,2,60,lengvas
35,11,2025-01-12,51.73,84.4,3,60,lengvas
35,12,2025-01-13,51.45,87.33,3,60,lengvas
35,13,2025-01-14,49.47,88.26,3,60,lengvas
35,14,2025-01-15,58.0,83.82,4,60,vidutinis
35,15,2025-01-16,47.21,89.51,3,60,vidutinis
35,16,2025-01-17,47.62,85.83,2,60,lengvas
35,17,2025-01-18,55.83,83.13,5,60,vidutinis
35,18,2025-01-19,64.67,84.9,4,60,sunkus
35,19,2025-01-20,60.78,86.15,3,60,lengvas
35,20,2025-01-21,42.5,90.78,3,60,vidutinis
35,21,2025-01-22,56.38,85.6,4,60,vidutinis
35,22,2025-01-23,57.97,89.6,3,60,sunkus
35,23,2025-01-24,54.1,83.29,5,60,vidutinis
35,24,2025-01-25,55.26,83.48,3,60,vidutinis
35,25,2025-01-26,53.68,85.7,2,60,lengvas
35,26,2025-01-27,49.83,89.86,3,60,vidutinis
35,27,2025-01-28,60.17,83.74,3,60,vidutinis
35,28,2025-01-29,59.29,86.58,3,60,vidutinis
35,29,2025-01-30,49.74,89.01,2,60,sunkus
35,30,2025-01-31,51.33,84.72,3,60,lengvas
36,1,2025-01-02,56.53,85.43,3,60,sunkus
36,2,2025-01-03,53.82,88.36,4,60,lengvas
36,3,2025-01-04,53.39,87.99,3,60,vidutinis
36,4,2025-01-05,59.33,89.3,4,60,lengvas
36,5,2025-01-06,58.17,85.42,2,60,sunkus
36,6,2025-01-07,62.67,83.85,3,60,sunkus
36,7,2025-01-08,57.93,83.55,4,60,sunkus
36,8,2025-01-09,53.28,88.59,4,60,vidutinis
36,9,2025-01-10,57.94,84.69,5,60,lengvas
36,10,2025-01-11,58.25,87.02,3,60,vidutinis
36,11,2025-01-12,60.57,87.69,4,60,lengvas
36,12,2025-01-13,56.27,88.32,4,60,vidutinis
36,13,2025-01-14,58.03,84.39,3,60,lengvas
36,14,2025-01-15,61.5,87.14,4,60,lengvas
36,15,2025-01-16,54.65,85.93,3,60,vidutinis
36,16,2025-01-17,62.53,87.78,3,60,sunkus
36,17,2025-01-18,57.15,88.69,4,60,sunkus
36,18,2025-01-19,58.18,89.68,3,60,sunkus
36,19,2025-01-20,62.37,86.9,4,60,lengvas
36,20,2025-01-21,59.66,83.85,4,60,vidutinis
36,21,2025-01-22,66.51,86.87,3,60,vidutinis
36,22,2025-01-23,61.81,85.37,2,60,vidutinis
36,23,2025-01-24,57.41,85.45,2,60,vidutinis
36,24,2025-01-25,58.29,88.91,2,60,lengvas
36,25,2025-01-26,62.76,86.09,3,60,vidutinis
36,26,2025-01-27,67.44,82.14,4,60,lengvas
36,27,2025-01-28,69.9,82.55,4,60,lengvas
36,28,2025-01-29,60.9,87.6,3,60,lengvas
36,29,2025-01-30,60.57,86.46,3,60,sunkus
36,30,2025-01-31,59.0,88.1,2,60,vidutinis
37,1,2025-01-02,50.58,89.76,3,60,lengvas
37,2,2025-01-03,47.32,87.74,3,60,lengvas
37,3,2025-01-04,50.23,87.98,2,60,lengvas
37,4,2025-01-05,56.04,86.14,3,60,vidutinis
37,5,2025-01-06,57.63,84.37,3,60,vidutinis
37,6,2025-01-07,55.62,88.28,4,60,vidutinis
37,7,2025-01-08,53.83,84.49,3,60,vidutinis
37,8,2025-01-09,61.61,86.63,3,60,lengvas
37,9,2025-01-10,63.72,87.5,4,60,vidutinis
37,10,2025-01-11,57.31,85.93,4,60,sunkus
37,11,2025-01-12,56.38,82.76,3,60,vidutinis
37,12,2025-01-13,52.21,88.19,4,60,lengvas
37,13,2025-01-14,49.41,86.21,3,60,sunkus
37,14,2025-01-15,54.75,88.2,2,60,sunkus
37,15,2025-01-16,57.12,90.01,2,60,sunkus
37,16,2025-01-17,52.58,85.49,2,60,vidutinis
37,17,2025-01-18,53.48,81.82,4,60,vidutinis
37,18,2025-01-19,63.35,84.36,4,60,lengvas
37,19,2025-01-20,51.57,87.64,3,60,lengvas
37,20,2025-01-21,61.25,89.0,4,60,lengvas
37,21,2025-01-22,62.84,86.58,4,60,lengvas
37,22,2025-01-23,59.97,85.94,4,60,vidutinis
37,23,2025-01-24,64.79,83.2,4,60,lengvas
37,24,2025-01-25,52.17,88.93,2,60,sunkus
37,25,2025-01-26,63.68,84.64,3,60,vidutinis
37,26,2025-01-27,65.88,83.61,5,60,sunkus
37,27,2025-01-28,61.4,82.16,5,60,lengvas
37,28,2025-01-29,61.99,85.41,4,60,lengvas
37,29,2025-01-30,65.65,81.74,4,60,lengvas
37,30,2025-01-31,56.12,89.29,2,60,vidutinis
38,1,2025-01-02,55.95,90.44,1,60,sunkus
38,2,2025-01-03,37.21,91.19,3,60,vidutinis
38,3,2025-01-04,43.32,88.74,3,60,sunkus
38,4,2025-01-05,45.24,87.92,2,60,sunkus
38,5,2025-01-06,52.84,89.03,3,60,sunkus
38,6,2025-01-07,50.26,90.35,3,60,lengvas
38,7,2025-01-08,40.8,89.37,4,60,vidutinis
38,8,2025-01-09,45.73,87.93,3,60,lengvas
38,9,2025-01-10,39.22,90.16,2,60,lengvas
38,10,2025-01-11,51.7,86.64,3,60,sunkus
38,11,2025-01-12,41.81,89.3,3,60,lengvas
38,12,2025-01-13,53.85,88.61,2,60,sunkus
38,13,2025-01-14,51.56,85.1,4,60,vidutinis
38,14,2025-01-15,43.87,90.14,1,60,vidutinis
38,15,2025-01-16,49.15,85.71,3,60,vidutinis
38,16,2025-01-17,53.63,88.04,2,60,vidutinis
38,17,2025-01-18,51.58,87.79,3,60,sunkus
38,18,2025-01-19,44.85,86.6,4,60,sunkus
38,19,2025-01-20,53.31,85.04,4,60,sunkus
38,20,2025-01-21,52.08,87.88,3,60,sunkus
38,21,2025-01-22,45.73,88.01,3,60,sunkus
38,22,2025-01-23,53.54,86.51,2,60,lengvas
38,23,2025-01-24,53.43,86.55,3,60,vidutinis
38,24,2025-01-25,53.59,86.11,4,60,vidutinis
38,25,2025-01-26,43.12,91.34,2,60,sunkus
38,26,2025-01-27,55.48,91.11,2,60,sunkus
38,27,2025-01-28,66.34,86.74,3,60,sunkus
38,28,2025-01-29,49.03,88.04,2,60,vidutinis
38,29,2025-01-30,62.27,86.51,4,60,vidutinis
38,30,2025-01-31,48.37,87.94,4,60,sunkus
39,1,2025-01-02,35.97,93.47,2,60,lengvas
39,2,2025-01-03,33.48,89.91,3,60,vidutinis
39,3,2025-01-04,35.57,89.8,4,60,sunkus
39,4,2025-01-05,39.27,87.92,4,60,lengvas
39,5,2025-01-06,43.66,87.65,4,60,sunkus
39,6,2025-01-07,46.86,87.61,3,60,sunkus
39,7,2025-01-08,49.41,91.9,2,60,lengvas
39,8,2025-01-09,50.46,92.74,3,60,vidutinis
39,9,2025-01-10,40.99,92.6,1,60,vidutinis
39,10,2025-01-11,49.65,85.92,3,60,lengvas
39,11,2025-01-12,45.77,88.36,4,60,vidutinis
39,12,2025-01-13,46.14,87.41,3,60,sunkus
39,13,2025-01-14,53.95,88.36,4,60,lengvas
39,14,2025-01-15,49.93,88.71,2,60,vidutinis
39,15,2025-01-16,40.86,89.85,4,60,vidutinis
39,16,2025-01-17,43.65,88.42,3,60,lengvas
39,17,2025-01-18,51.23,86.18,4,60,vidutinis
39,18,2025-01-19,53.58,88.53,2,60,sunkus
39,19,2025-01-20,58.68,91.99,2,60,lengvas
39,20,2025-01-21,55.48,86.8,2,60,lengvas
39,21,2025-01-22,47.14,89.19,4,60,sunkus
39,22,2025-01-23,48.6,87.97,2,60,sunkus
39,23,2025-01-24,46.91,87.21,4,60,vidutinis
39,24,2025-01-25,50.23,86.17,3,60,vidutinis
39,25,2025-01-26,56.53,87.08,3,60,vidutinis
39,26,2025-01-27,55.15,88.86,3,60,sunkus
39,27,2025-01-28,43.27,89.56,2,60,vidutinis
39,28,2025-01-29,52.85,88.79,2,60,sunkus
39,29,2025-01-30,57.22,86.14,2,60,lengvas
39,30,2025-01-31,53.22,84.81,5,60,sunkus
40,1,2025-01-02,44.58,88.49,2,60,vidutinis
40,2,2025-01-03,50.97,86.76,2,60,sunkus
40,3,2025-01-04,50.09,89.33,4,60,sunkus
40,4,2025-01-05,55.02,87.9,3,60,vidutinis
40,5,2025-01-06,52.76,86.12,2,60,lengvas
40,6,2025-01-07,36.54,93.93,1,60,sunkus
40,7,2025-01-08,57.62,85.42,2,60,vidutinis
40,8,2025-01-09,53.07,86.44,2,60,vidutinis
40,9,2025-01-10,50.53,88.87,3,60,sunkus
40,10,2025-01-11,52.04,89.69,2,60,lengvas
40,11,2025-01-12,53.56,86.57,4,60,lengvas
40,12,2025-01-13,52.53,86.27,2,60,lengvas
40,13,2025-01-14,49.4,86.47,2,60,vidutinis
40,14,2025-01-15,56.3,87.92,2,60,vidutinis
40,15,2025-01-16,51.29,87.45,2,60,lengvas
40,16,2025-01-17,55.28,88.79,3,60,vidutinis
40,17,2025-01-18,51.69,88.48,2,60,lengvas
40,18,2025-01-19,51.44,87.14,4,60,lengvas
40,19,2025-01-20,56.75,87.62,3,60,lengvas
40,20,2025-01-21,64.23,86.7,2,60,vidutinis
40,21,2025-01-22,57.07,83.53,5,60,vidutinis
40,22,2025-01-23,54.82,83.76,4,60,vidutinis
40,23,2025-01-24,61.38,85.32,3,60,lengvas
40,24,2025-01-25,50.93,88.2,3,60,vidutinis
40,25,2025-01-26,52.39,90.2,2,60,lengvas
40,26,2025-01-27,55.55,85.04,3,60,sunkus
40,27,2025-01-28,44.53,88.51,2,60,lengvas
40,28,2025-01-29,53.98,85.6,2,60,sunkus
40,29,2025-01-30,54.09,91.26,2,60,lengvas
40,30,2025-01-31,62.08,86.4,3,60,vidutinis
41,1,2025-01-02,48.24,89.83,4,60,lengvas
41,2,2025-01-03,51.68,85.35,2,60,vidutinis
41,3,2025-01-04,57.92,84.62,3,60,sunkus
41,4,2025-01-05,50.92,87.65,2,60,lengvas
41,5,2025-01-06,53.49,86.78,4,60,lengvas
41,6,2025-01-07,62.92,81.76,4,60,vidutinis
41,7,2025-01-08,47.4,86.42,3,60,vidutinis
41,8,2025-01-09,60.13,87.2,3,60,sunkus
41,9,2025-01-10,45.68,88.96,4,60,sunkus
41,10,2025-01-11,59.71,88.55,4,60,sunkus
41,11,2025-01-12,57.55,90.3,3,60,lengvas
41,12,2025-01-13,62.26,88.2,2,60,vidutinis
41,13,2025-01-14,47.97,88.37,2,60,vidutinis
41,14,2025-01-15,67.14,85.74,3,60,lengvas
41,15,2025-01-16,57.96,85.15,3,60,lengvas
41,16,2025-01-17,70.3,82.95,5,60,sunkus
41,17,2025-01-18,70.68,82.83,4,60,lengvas
41,18,2025-01-19,62.92,84.19,5,60,vidutinis
41,19,2025-01-20,64.85,83.81,4,60,sunkus
41,20,2025-01-21,71.74,81.69,5,60,lengvas
41,21,2025-01-22,58.24,83.33,4,60,sunkus
41,22,2025-01-23,55.84,88.93,3,60,vidutinis
41,23,2025-01-24,59.02,83.67,5,60,lengvas
41,24,2025-01-25,56.64,85.68,3,60,lengvas
41,25,2025-01-26,62.16,87.09,3,60,sunkus
41,26,2025-01-27,65.11,86.94,3,60,vidutinis
41,27,2025-01-28,64.93,85.46,2,60,vidutinis
41,28,2025-01-29,62.09,88.9,4,60,lengvas
41,29,2025-01-30,62.81,85.48,2,60,sunkus
41,30,2025-01-31,60.59,88.19,3,60,lengvas
42,1,2025-01-02,53.67,88.32,3,60,lengvas
42,2,2025-01-03,51.28,82.1,5,60,vidutinis
42,3,2025-01-04,59.84,85.99,2,60,sunkus
42,4,2025-01-05,61.94,85.6,3,60,lengvas
42,5,2025-01-06,61.4,87.1,4,60,lengvas
42,6,2025-01-07,54.43,86.97,2,60,lengvas
42,7,2025-01-08,59.0,87.01,4,60,sunkus
42,8,2025-01-09,66.24,86.72,3,60,sunkus
42,9,2025-01-10,54.03,87.44,2,60,vidutinis
42,10,2025-01-11,62.14,88.36,4,60,sunkus
42,11,2025-01-12,57.19,86.56,3,60,sunkus
42,12,2025-01-13,62.35,84.19,3,60,vidutinis
42,13,2025-01-14,65.4,87.61,4,60,vidutinis
42,14,2025-01-15,63.07,86.71,2,60,sunkus
42,15,2025-01-16,61.56,88.2,3,60,lengvas
42,16,2025-01-17,61.47,85.49,3,60,sunkus
42,17,2025-01-18,59.19,85.54,3,60,sunkus
42,18,2025-01-19,59.95,83.67,4,60,vidutinis
42,19,2025-01-20,60.59,86.74,2,60,lengvas
42,20,2025-01-21,64.88,81.77,4,60,sunkus
42,21,2025-01-22,60.9,85.84,2,60,vidutinis
42,22,2025-01-23,57.99,84.46,5,60,sunkus
42,23,2025-01-24,60.03,84.03,3,60,vidutinis
42,24,2025-01-25,60.94,85.59,3,60,sunkus
42,25,2025-01-26,65.51,80.63,4,60,vidutinis
42,26,2025-01-27,53.9,84.85,3,60,vidutinis
42,27,2025-01-28,56.69,89.32,4,60,sunkus
42,28,2025-01-29,68.87,82.32,4,60,vidutinis
42,29,2025-01-30,65.22,85.31,2,60,lengvas
42,30,2025-01-31,66.38,83.19,4,60,sunkus
43,1,2025-01-02,48.74,88.3,2,60,lengvas
43,2,2025-01-03,42.85,90.84,1,60,vidutinis
43,3,2025-01-04,39.92,85.32,3,60,lengvas
43,4,2025-01-05,33.82,91.05,1,60,lengvas
43,5,2025-01-06,43.84,87.78,2,60,sunkus
43,6,2025-01-07,36.24,91.43,1,60,lengvas
43,7,2025-01-08,44.65,86.29,2,60,lengvas
43,8,2025-01-09,39.8,88.0,4,60,lengvas
43,9,2025-01-10,35.45,93.13,1,60,sunkus
43,10,2025-01-11,44.91,87.6,3,60,vidutinis
43,11,2025-01-12,47.81,91.23,3,60,sunkus
43,12,2025-01-13,48.2,85.82,2,60,sunkus
43,13,2025-01-14,45.03,89.58,2,60,lengvas
43,14,2025-01-15,48.72,89.25,2,60,lengvas
43,15,2025-01-16,42.76,88.86,4,60,lengvas
43,16,2025-01-17,55.43,85.39,4,60,vidutinis
43,17,2025-01-18,34.3,91.57,1,60,sunkus
43,18,2025-01-19,44.32,89.98,3,60,vidutinis
43,19,2025-01-20,44.7,84.55,5,60,sunkus
43,20,2025-01-21,48.25,87.67,2,60,vidutinis
43,21,2025-01-22,54.37,86.44,3,60,vidutinis
43,22,2025-01-23,55.23,90.65,1,60,sunkus
43,23,2025-01-24,47.76,90.72,3,60,vidutinis
43,24,2025-01-25,46.51,90.67,1,60,lengvas
43,25,2025-01-26,41.98,90.03,1,60,lengvas
43,26,2025-01-27,50.83,86.38,3,60,sunkus
43,27,2025-01-28,46.38,88.41,3,60,lengvas
43,28,2025-01-29,44.2,86.96,4,60,vidutinis
43,29,2025-01-30,45.1,91.71,1,60,sunkus
43,30,2025-01-31,41.49,91.67,3,60,sunkus
44,1,2025-01-02,43.96,90.11,3,60,lengvas
44,2,2025-01-03,38.13,87.5,4,60,lengvas
44,3,2025-01-04,39.67,89.48,2,60,lengvas
44,4,2025-01-05,43.93,92.54,2,60,sunkus
44,5,2025-01-06,48.19,89.13,4,60,vidutinis
44,6,2025-01-07,53.06,86.26,4,60,lengvas
44,7,2025-01-08,42.29,88.49,4,60,vidutinis
44,8,2025-01-09,45.56,85.23,2,60,vidutinis
44,9,2025-01-10,49.06,86.05,3,60,vidutinis
44,10,2025-01-11,43.04,90.3,1,60,sunkus
44,11,2025-01-12,44.55,86.22,2,60,vidutinis
44,12,2025-01-13,50.89,89.49,3,60,vidutinis
44,13,2025-01-14,50.71,88.24,4,60,sunkus
44,14,2025-01-15,45.6,88.97,4,60,lengvas
44,15,2025-01-16,47.1,88.36,4,60,sunkus
44,16,2025-01-17,53.47,88.83,3,60,lengvas
44,17,2025-01-18,52.66,88.02,3,60,lengvas
44,18,2025-01-19,51.53,87.69,3,60,sunkus
44,19,2025-01-20,56.4,85.45,2,60,lengvas
44,20,2025-01-21,53.27,83.84,4,60,sunkus
44,21,2025-01-22,50.72,85.08,2,60,vidutinis
44,22,2025-01-23,52.94,87.16,2,60,vidutinis
44,23,2025-01-24,51.95,87.52,2,60,sunkus
44,24,2025-01-25,56.03,88.71,4,60,lengvas
44,25,2025-01-26,49.98,87.52,4,60,vidutinis
44,26,2025-01-27,53.12,85.73,2,60,sunkus
44,27,2025-01-28,55.23,85.85,2,60,sunkus
44,28,2025-01-29,44.23,83.45,4,60,vidutinis
44,29,2025-01-30,56.99,87.12,2,60,sunkus
44,30,2025-01-31,44.97,88.24,4,60,sunkus
45,1,2025-01-02,36.74,85.7,3,60,lengvas
45,2,2025-01-03,39.14,92.29,2,60,sunkus
45,3,2025-01-04,40.64,89.89,2,60,sunkus
45,4,2025-01-05,41.08,89.13,3,60,sunkus
45,5,2025-01-06,33.48,90.19,1,60,vidutinis
45,6,2025-01-07,52.93,90.5,1,60,lengvas
45,7,2025-01-08,43.23,89.02,2,60,vidutinis
45,8,2025-01-09,40.66,89.88,4,60,lengvas
45,9,2025-01-10,49.97,89.33,4,60,sunkus
45,10,2025-01-11,47.23,89.51,2,60,lengvas
45,11,2025-01-12,33.02,88.36,4,60,vidutinis
45,12,2025-01-13,39.55,91.54,3,60,lengvas
45,13,2025-01-14,44.22,86.58,2,60,sunkus
45,14,2025-01-15,43.71,90.8,3,60,vidutinis
45,15,2025-01-16,43.42,86.6,3,60,vidutinis
45,16,2025-01-17,50.38,84.11,3,60,sunkus
45,17,2025-01-18,36.04,90.4,3,60,sunkus
45,18,2025-01-19,49.63,84.26,3,60,lengvas
45,19,2025-01-20,43.1,90.88,2,60,lengvas
45,20,2025-01-21,46.54,91.79,3,60,vidutinis
45,21,2025-01-22,48.38,90.46,1,60,vidutinis
45,22,2025-01-23,57.49,88.2,2,60,sunkus
45,23,2025-01-24,45.86,86.53,3,60,sunkus
45,24,2025-01-25,44.12,88.59,4,60,sunkus
45,25,2025-01-26,45.83,87.46,2,60,sunkus
45,26,2025-01-27,51.66,90.41,2,60,vidutinis
45,27,2025-01-28,47.81,87.56,3,60,vidutinis
45,28,2025-01-29,44.16,84.12,3,60,sunkus
45,29,2025-01-30,48.15,88.25,3,60,sunkus
45,30,2025-01-31,50.88,89.08,2,60,lengvas
46,1,2025-01-02,55.47,86.96,2,60,sunkus
46,2,2025-01-03,56.34,91.0,3,60,vidutinis
46,3,2025-01-04,51.86,89.33,3,60,lengvas
46,4,2025-01-05,55.84,87.38,3,60,vidutinis
46,5,2025-01-06,62.27,86.36,3,60,vidutinis
46,6,2025-01-07,60.17,86.09,2,60,sunkus
46,7,2025-01-08,58.68,85.15,2,60,lengvas
46,8,2025-01-09,65.24,84.68,5,60,sunkus
46,9,2025-01-10,65.54,88.55,2,60,sunkus
46,10,2025-01-11,62.98,86.74,2,60,vidutinis
46,11,2025-01-12,52.2,88.3,2,60,lengvas
46,12,2025-01-13,69.02,85.61,4,60,vidutinis
46,13,2025-01-14,51.72,82.42,4,60,vidutinis
46,14,2025-01-15,55.08,87.51,4,60,vidutinis
46,15,2025-01-16,62.74,88.09,4,60,sunkus
46,16,2025-01-17,61.44,84.68,5,60,vidutinis
46,17,2025-01-18,66.65,82.31,3,60,sunkus
46,18,2025-01-19,68.48,83.79,4,60,vidutinis
46,19,2025-01-20,66.04,84.43,3,60,vidutinis
46,20,2025-01-21,53.75,87.76,2,60,vidutinis
46,21,2025-01-22,58.88,84.58,5,60,sunkus
46,22,2025-01-23,70.54,85.34,3,60,lengvas
46,23,2025-01-24,72.04,81.61,4,60,vidutinis
46,24,2025-01-25,69.51,81.61,3,60,vidutinis
46,25,2025-01-26,63.83,86.53,3,60,vidutinis
46,26,2025-01-27,62.52,86.66,2,60,sunkus
46,27,2025-01-28,62.92,83.19,3,60,vidutinis
46,28,2025-01-29,64.91,82.48,3,60,vidutinis
46,29,2025-01-30,66.34,81.77,3,60,lengvas
46,30,2025-01-31,63.61,83.89,3,60,lengvas
47,1,2025-01-02,56.18,89.03,4,60,vidutinis
47,2,2025-01-03,50.28,86.24,3,60,vidutinis
47,3,2025-01-04,54.7,84.76,3,60,sunkus
47,4,2025-01-05,56.65,84.01,5,60,vidutinis
47,5,2025-01-06,55.18,80.71,4,60,vidutinis
47,6,2025-01-07,53.25,86.9,3,60,vidutinis
47,7,2025-01-08,56.65,85.5,3,60,vidutinis
47,8,2025-01-09,66.54,83.2,4,60,lengvas
47,9,2025-01-10,68.31,86.46,4,60,lengvas
47,10,2025-01-11,55.48,88.3,2,60,sunkus
47,11,2025-01-12,59.87,89.28,2,60,sunkus
47,12,2025-01-13,60.38,85.22,3,60,vidutinis
47,13,2025-01-14,64.38,87.11,4,60,lengvas
47,14,2025-01-15,60.56,83.59,3,60,lengvas
47,15,2025-01-16,67.01,85.95,2,60,lengvas
47,16,2025-01-17,59.07,86.41,4,60,lengvas
47,17,2025-01-18,64.96,84.58,5,60,sunkus
47,18,2025-01-19,64.01,84.98,5,60,sunkus
47,19,2025-01-20,70.01,84.16,5,60,vidutinis
47,20,2025-01-21,68.38,86.0,2,60,vidutinis
47,21,2025-01-22,63.43,86.05,4,60,vidutinis
47,22,2025-01-23,58.29,83.77,4,60,sunkus
47,23,2025-01-24,65.81,81.12,3,60,lengvas
47,24,2025-01-25,63.02,85.87,4,60,lengvas
47,25,2025-01-26,69.15,86.01,3,60,lengvas
47,26,2025-01-27,66.21,85.48,4,60,sunkus
47,27,2025-01-28,61.84,83.74,3,60,sunkus
47,28,2025-01-29,65.18,88.17,2,60,sunkus
47,29,2025-01-30,67.04,81.79,5,60,sunkus
47,30,2025-01-31,58.19,84.92,3,60,vidutinis
48,1,2025-01-02,56.96,86.84,3,60,sunkus
48,2,2025-01-03,59.04,86.36,3,60,vidutinis
48,3,2025-01-04,58.09,85.48,2,60,vidutinis
48,4,2025-01-05,61.67,86.39,2,60,vidutinis
48,5,2025-01-06,58.89,86.01,4,60,vidutinis
48,6,2025-01-07,65.61,82.09,5,60,sunkus
48,7,2025-01-08,65.67,85.83,2,60,vidutinis
48,8,2025-01-09,54.54,87.27,2,60,vidutinis
48,9,2025-01-10,55.27,88.87,3,60,sunkus
48,10,2025-01-11,63.68,89.43,4,60,vidutinis
48,11,2025-01-12,61.81,86.84,4,60,sunkus
48,12,2025-01-13,60.08,81.82,3,60,vidutinis
48,13,2025-01-14,59.53,84.87,3,60,sunkus
48,14,2025-01-15,54.87,87.81,4,60,vidutinis
48,15,2025-01-16,66.05,84.76,4,60,lengvas
48,16,2025-01-17,63.03,88.02,2,60,vidutinis
48,17,2025-01-18,61.35,81.94,5,60,vidutinis
48,18,2025-01-19,59.21,90.12,3,60,lengvas
48,19,2025-01-20,61.71,86.22,2,60,sunkus
48,20,2025-01-21,71.58,85.74,2,60,lengvas
48,21,2025-01-22,61.61,81.16,4,60,vidutinis
48,22,2025-01-23,59.17,83.06,4,60,vidutinis
48,23,2025-01-24,65.51,85.16,2,60,sunkus
48,24,2025-01-25,68.4,82.19,4,60,vidutinis
48,25,2025-01-26,62.6,86.02,4,60,lengvas
48,26,2025-01-27,67.48,85.82,4,60,vidutinis
48,27,2025-01-28,59.78,84.64,5,60,sunkus
48,28,2025-01-29,62.9,87.35,4,60,vidutinis
48,29,2025-01-30,66.77,84.97,5,60,vidutinis
48,30,2025-01-31,60.48,86.49,3,60,sunkus
49,1,2025-01-02,46.54,88.95,2,60,vidutinis
49,2,2025-01-03,47.71,88.98,2,60,sunkus
49,3,2025-01-04,47.7,87.3,2,60,vidutinis
49,4,2025-01-05,55.68,87.14,4,60,sunkus
49,5,2025-01-06,36.42,90.17,3,60,vidutinis
49,6,2025-01-07,53.6,87.68,3,60,vidutinis
49,7,2025-01-08,45.62,88.49,4,60,vidutinis
49,8,2025-01-09,34.37,90.77,1,60,lengvas
49,9,2025-01-10,49.66,84.0,3,60,vidutinis
49,10,2025-01-11,53.25,89.72,3,60,vidutinis
49,11,2025-01-12,42.43,86.52,2,60,lengvas
49,12,2025-01-13,47.47,88.86,4,60,lengvas
49,13,2025-01-14,51.57,85.28,2,60,vidutinis
49,14,2025-01-15,47.55,85.94,4,60,vidutinis
49,15,2025-01-16,49.49,89.01,3,60,lengvas
49,16,2025-01-17,41.38,89.98,2,60,sunkus
49,17,2025-01-18,45.3,86.82,3,60,lengvas
49,18,2025-01-19,47.77,87.57,4,60,vidutinis
49,19,2025-01-20,39.64,95.62,0,60,sunkus
49,20,2025-01-21,39.35,88.8,4,60,vidutinis
49,21,2025-01-22,49.16,88.92,4,60,vidutinis
49,22,2025-01-23,38.14,90.33,2,60,sunkus
49,23,2025-01-24,44.21,88.12,3,60,vidutinis
49,24,2025-01-25,39.31,89.66,4,60,vidutinis
49,25,2025-01-26,45.94,87.29,3,60,vidutinis
49,26,2025-01-27,53.91,84.89,5,60,vidutinis
49,27,2025-01-28,51.69,87.55,4,60,vidutinis
49,28,2025-01-29,45.15,87.82,3,60,vidutinis
49,29,2025-01-30,37.76,90.66,1,60,vidutinis
49,30,2025-01-31,42.26,92.67,1,60,lengvas
50,1,2025-01-02,43.1,90.01,2,60,lengvas
50,2,2025-01-03,54.94,92.18,2,60,lengvas
50,3,2025-01-04,60.04,86.95,4,60,lengvas
50,4,2025-01-05,59.03,86.7,3,60,lengvas
50,5,2025-01-06,54.55,91.13,2,60,vidutinis
50,6,2025-01-07,52.69,83.4,4,60,lengvas
50,7,2025-01-08,54.65,86.79,2,60,lengvas
50,8,2025-01-09,48.91,92.21,1,60,vidutinis
50,9,2025-01-10,49.79,85.52,3,60,sunkus
50,10,2025-01-11,60.77,89.57,4,60,vidutinis
50,11,2025-01-12,49.44,92.48,2,60,lengvas
50,12,2025-01-13,55.64,85.4,3,60,lengvas
50,13,2025-01-14,52.41,88.35,2,60,lengvas
50,14,2025-01-15,53.62,87.2,4,60,lengvas
50,15,2025-01-16,61.37,86.61,3,60,sunkus
50,16,2025-01-17,52.5,88.61,2,60,vidutinis
50,17,2025-01-18,53.0,89.63,3,60,sunkus
50,18,2025-01-19,53.13,89.1,4,60,vidutinis
50,19,2025-01-20,58.66,88.51,4,60,vidutinis
50,20,2025-01-21,58.19,89.68,3,60,vidutinis
50,21,2025-01-22,59.98,83.35,4,60,sunkus
50,22,2025-01-23,62.24,87.14,3,60,lengvas
50,23,2025-01-24,47.64,89.15,4,60,lengvas
50,24,2025-01-25,61.48,87.4,2,60,lengvas
50,25,2025-01-26,54.79,87.45,4,60,sunkus
50,26,2025-01-27,57.14,84.14,3,60,lengvas
50,27,2025-01-28,57.03,87.09,3,60,lengvas
50,28,2025-01-29,49.34,92.3,2,60,lengvas
50,29,2025-01-30,59.85,86.26,3,60,sunkus
50,30,2025-01-31,63.33,88.37,4,60,sunkus
